Poster_Link,Series_Title,Released_Year,Certificate,Runtime,Genre,IMDB_Rating,Overview,Meta_score,Director,Star1,Star2,Star3,Star4,No_of_Votes,Gross
,Silent Journey 1,2014,R,113 min,"Animation, Adventure, Family",6.9,"A story about silent journey 1, filled with memorable characters, challenges, and unexpected events.",79,Director 23,Actor 303,Actor 217,Actor 17,Actor 16,439895,"726,700,539"
,Hidden River 2,1949,R,88 min,"War, Drama",7.7,"A story about hidden river 2, filled with memorable characters, challenges, and unexpected events.",89,Director 140,Actor 215,Actor 113,Actor 230,Actor 302,843985,"768,920,204"
,Midnight Journey 3,2017,UA,174 min,"Romance, Drama",8.7,"A story about midnight journey 3, filled with memorable characters, challenges, and unexpected events.",58,Director 246,Actor 391,Actor 173,Actor 53,Actor 48,1437114,"298,462,082"
,Secret Dream 4,1965,PG,162 min,"Crime, Drama",8.8,"A story about secret dream 4, filled with memorable characters, challenges, and unexpected events.",79,Director 32,Actor 499,Actor 473,Actor 194,Actor 41,192244,"783,643,540"
,American Story 5,2000,R,195 min,"Horror, Mystery",8.0,"A story about american story 5, filled with memorable characters, challenges, and unexpected events.",49,Director 12,Actor 339,Actor 117,Actor 396,Actor 149,2431590,"206,568,299"
,Hidden Mountain 6,1932,A,143 min,"Horror, Mystery",7.3,"A story about hidden mountain 6, filled with memorable characters, challenges, and unexpected events.",58,Director 172,Actor 137,Actor 360,Actor 480,Actor 350,692220,"397,578,786"
,Hidden War 7,2001,PG,178 min,"Comedy, Romance",6.6,"A story about hidden war 7, filled with memorable characters, challenges, and unexpected events.",62,Director 237,Actor 328,Actor 353,Actor 286,Actor 113,695359,"496,448,124"
,Falling Promise 8,1949,U,188 min,"Drama, Romance",8.7,"A story about falling promise 8, filled with memorable characters, challenges, and unexpected events.",58,Director 234,Actor 483,Actor 291,Actor 449,Actor 368,1692607,"287,584,583"
,Falling River 9,2003,UA,198 min,"Sci-Fi, Adventure",7.6,"A story about falling river 9, filled with memorable characters, challenges, and unexpected events.",60,Director 191,Actor 288,Actor 276,Actor 135,Actor 383,609246,"284,512,919"
,Little Hope 10,1994,U,113 min,"Animation, Adventure, Family",7.3,"A story about little hope 10, filled with memorable characters, challenges, and unexpected events.",93,Director 13,Actor 441,Actor 57,Actor 79,Actor 322,2147108,"530,008,599"
,Golden Hope 11,1996,PG-13,133 min,"Sci-Fi, Adventure",6.2,"A story about golden hope 11, filled with memorable characters, challenges, and unexpected events.",100,Director 242,Actor 6,Actor 349,Actor 370,Actor 59,2229266,"270,053,851"
,American Empire 12,2018,PG,99 min,Drama,8.1,"A story about american empire 12, filled with memorable characters, challenges, and unexpected events.",45,Director 245,Actor 370,Actor 449,Actor 369,Actor 135,1833537,"169,920,594"
,Beautiful Legacy 13,1984,UA,196 min,Drama,9.0,"A story about beautiful legacy 13, filled with memorable characters, challenges, and unexpected events.",54,Director 96,Actor 391,Actor 83,Actor 277,Actor 489,2139292,"653,976,785"
,Beautiful Journey 14,1996,A,87 min,"Adventure, Drama",7.1,"A story about beautiful journey 14, filled with memorable characters, challenges, and unexpected events.",60,Director 15,Actor 124,Actor 450,Actor 291,Actor 485,1532451,"893,094,062"
,Hidden Kingdom 15,2013,R,93 min,"War, Drama",7.6,"A story about hidden kingdom 15, filled with memorable characters, challenges, and unexpected events.",75,Director 243,Actor 282,Actor 85,Actor 136,Actor 271,537477,"137,959,287"
,Great Hope 16,1947,R,181 min,"Comedy, Drama",9.1,"A story about great hope 16, filled with memorable characters, challenges, and unexpected events.",86,Director 96,Actor 225,Actor 461,Actor 265,Actor 232,1317432,"428,514,718"
,Silent Mountain 17,1948,UA,87 min,"War, Drama",6.2,"A story about silent mountain 17, filled with memorable characters, challenges, and unexpected events.",45,Director 19,Actor 363,Actor 324,Actor 31,Actor 118,975171,"631,932,764"
,Hidden Promise 18,1962,PG-13,115 min,"Crime, Drama",6.2,"A story about hidden promise 18, filled with memorable characters, challenges, and unexpected events.",53,Director 186,Actor 479,Actor 452,Actor 293,Actor 296,2045975,"230,135,022"
,Crimson Mountain 19,2020,R,137 min,"Comedy, Drama",7.6,"A story about crimson mountain 19, filled with memorable characters, challenges, and unexpected events.",72,Director 91,Actor 217,Actor 211,Actor 240,Actor 443,405631,"104,178,666"
,A New Dream 20,1927,UA,128 min,"Adventure, Drama",7.3,"A story about a new dream 20, filled with memorable characters, challenges, and unexpected events.",79,Director 115,Actor 72,Actor 217,Actor 94,Actor 143,1052940,"205,818,272"
,Infinite Mountain 21,1929,R,195 min,"War, Drama",7.5,"A story about infinite mountain 21, filled with memorable characters, challenges, and unexpected events.",79,Director 215,Actor 8,Actor 497,Actor 48,Actor 475,420658,"54,418,806"
,Beyond Legacy 22,1972,PG,112 min,"Mystery, Thriller",7.6,"A story about beyond legacy 22, filled with memorable characters, challenges, and unexpected events.",45,Director 100,Actor 136,Actor 475,Actor 402,Actor 402,255934,"176,877,762"
,Infinite Story 23,1974,UA,178 min,"War, Drama",8.3,"A story about infinite story 23, filled with memorable characters, challenges, and unexpected events.",63,Director 56,Actor 496,Actor 30,Actor 297,Actor 377,2051247,"166,311,829"
,American Promise 24,2015,UA,91 min,"Thriller, Mystery",7.0,"A story about american promise 24, filled with memorable characters, challenges, and unexpected events.",48,Director 246,Actor 261,Actor 42,Actor 436,Actor 96,2119107,"570,392,350"
,Hidden War 25,1928,UA,115 min,"Mystery, Thriller",8.2,"A story about hidden war 25, filled with memorable characters, challenges, and unexpected events.",82,Director 153,Actor 21,Actor 318,Actor 42,Actor 215,512840,"611,784,318"
,Little Heart 26,1986,A,118 min,"Comedy, Drama",7.0,"A story about little heart 26, filled with memorable characters, challenges, and unexpected events.",70,Director 34,Actor 344,Actor 331,Actor 154,Actor 235,1327782,"256,387,095"
,Falling Kingdom 27,1921,UA,157 min,"Adventure, Drama",7.5,"A story about falling kingdom 27, filled with memorable characters, challenges, and unexpected events.",77,Director 68,Actor 68,Actor 478,Actor 179,Actor 452,317277,"577,380,546"
,Hidden Mountain 28,1967,R,141 min,"War, Drama",6.9,"A story about hidden mountain 28, filled with memorable characters, challenges, and unexpected events.",78,Director 3,Actor 342,Actor 419,Actor 284,Actor 154,1278848,"656,883,995"
,Silent Shadow 29,1953,A,98 min,"War, Drama",6.4,"A story about silent shadow 29, filled with memorable characters, challenges, and unexpected events.",83,Director 54,Actor 368,Actor 176,Actor 105,Actor 352,661995,"292,531,670"
,Midnight Destiny 30,1982,PG,201 min,"Action, Crime, Drama",6.8,"A story about midnight destiny 30, filled with memorable characters, challenges, and unexpected events.",98,Director 71,Actor 23,Actor 2,Actor 171,Actor 395,397127,"681,157,736"
,Dark Empire 31,1940,U,155 min,"Romance, Drama",8.4,"A story about dark empire 31, filled with memorable characters, challenges, and unexpected events.",49,Director 242,Actor 453,Actor 354,Actor 463,Actor 77,2362613,"10,482,761"
,American Promise 32,1967,A,103 min,"Romance, Drama",7.9,"A story about american promise 32, filled with memorable characters, challenges, and unexpected events.",68,Director 231,Actor 478,Actor 408,Actor 498,Actor 441,544545,"45,013,399"
,A New Memory 33,1946,PG-13,170 min,"Adventure, Drama",8.3,"A story about a new memory 33, filled with memorable characters, challenges, and unexpected events.",100,Director 105,Actor 499,Actor 318,Actor 384,Actor 80,1493435,"837,743,439"
,Beyond Legacy 34,1942,PG,88 min,"Biography, Drama",8.9,"A story about beyond legacy 34, filled with memorable characters, challenges, and unexpected events.",96,Director 172,Actor 443,Actor 377,Actor 416,Actor 128,1403286,"840,181,098"
,Midnight Legacy 35,2020,UA,133 min,"Action, Crime, Drama",8.3,"A story about midnight legacy 35, filled with memorable characters, challenges, and unexpected events.",97,Director 236,Actor 236,Actor 180,Actor 157,Actor 421,1984217,"238,936,384"
,Beyond Mountain 36,1923,A,136 min,"Drama, Romance",8.2,"A story about beyond mountain 36, filled with memorable characters, challenges, and unexpected events.",67,Director 165,Actor 261,Actor 205,Actor 348,Actor 432,1178545,"74,639,964"
,American Future 37,1923,A,209 min,"Crime, Drama",6.4,"A story about american future 37, filled with memorable characters, challenges, and unexpected events.",47,Director 28,Actor 306,Actor 223,Actor 177,Actor 374,758967,"623,503,479"
,Falling Hope 38,1997,A,99 min,"Mystery, Thriller",9.2,"A story about falling hope 38, filled with memorable characters, challenges, and unexpected events.",47,Director 182,Actor 224,Actor 1,Actor 267,Actor 474,2428385,"204,195,531"
,American River 39,1966,U,206 min,"Drama, Romance",7.4,"A story about american river 39, filled with memorable characters, challenges, and unexpected events.",91,Director 231,Actor 154,Actor 260,Actor 159,Actor 342,1326657,"712,406,873"
,Forgotten Future 40,1971,R,155 min,"Animation, Adventure, Family",8.3,"A story about forgotten future 40, filled with memorable characters, challenges, and unexpected events.",69,Director 174,Actor 384,Actor 463,Actor 90,Actor 316,814635,"451,550,815"
,Little Story 41,1971,PG,85 min,Drama,7.8,"A story about little story 41, filled with memorable characters, challenges, and unexpected events.",95,Director 149,Actor 311,Actor 336,Actor 165,Actor 239,1213403,"225,781,936"
,Infinite Adventure 42,2006,PG-13,145 min,"Biography, Drama",6.7,"A story about infinite adventure 42, filled with memorable characters, challenges, and unexpected events.",87,Director 163,Actor 318,Actor 172,Actor 48,Actor 420,365658,"304,813,332"
,Beyond Story 43,1948,PG,103 min,"Action, Adventure",8.7,"A story about beyond story 43, filled with memorable characters, challenges, and unexpected events.",84,Director 218,Actor 394,Actor 38,Actor 234,Actor 213,203834,"262,997,676"
,Little River 44,2011,R,148 min,"Mystery, Thriller",8.3,"A story about little river 44, filled with memorable characters, challenges, and unexpected events.",89,Director 2,Actor 458,Actor 385,Actor 441,Actor 395,1033344,"158,553,521"
,Silent Hope 45,1948,PG-13,207 min,"Fantasy, Adventure",6.6,"A story about silent hope 45, filled with memorable characters, challenges, and unexpected events.",60,Director 235,Actor 435,Actor 63,Actor 234,Actor 69,1958463,"54,021,577"
,Infinite Destiny 46,1991,PG-13,206 min,"Sci-Fi, Adventure",8.0,"A story about infinite destiny 46, filled with memorable characters, challenges, and unexpected events.",73,Director 230,Actor 82,Actor 381,Actor 442,Actor 244,2127193,"458,309,399"
,Infinite Empire 47,2016,R,166 min,"Crime, Drama",6.8,"A story about infinite empire 47, filled with memorable characters, challenges, and unexpected events.",60,Director 71,Actor 226,Actor 40,Actor 366,Actor 147,2196489,"520,432,086"
,Beyond Empire 48,1962,UA,154 min,"Action, Sci-Fi",7.1,"A story about beyond empire 48, filled with memorable characters, challenges, and unexpected events.",69,Director 178,Actor 79,Actor 362,Actor 110,Actor 33,590382,"162,053,189"
,Forgotten Hope 49,1962,PG,138 min,"Action, Crime, Drama",7.8,"A story about forgotten hope 49, filled with memorable characters, challenges, and unexpected events.",69,Director 232,Actor 395,Actor 300,Actor 485,Actor 357,877526,"894,410,083"
,The Last Heart 50,1968,PG,205 min,"Horror, Mystery",7.6,"A story about the last heart 50, filled with memorable characters, challenges, and unexpected events.",99,Director 229,Actor 489,Actor 428,Actor 215,Actor 276,1262472,"809,137,759"
,American War 51,1948,PG,119 min,"Romance, Drama",7.6,"A story about american war 51, filled with memorable characters, challenges, and unexpected events.",66,Director 172,Actor 348,Actor 409,Actor 208,Actor 371,2046930,"31,265,166"
,Golden Adventure 52,1936,PG-13,153 min,"Action, Adventure",9.2,"A story about golden adventure 52, filled with memorable characters, challenges, and unexpected events.",87,Director 7,Actor 43,Actor 330,Actor 220,Actor 70,1662640,"635,640,030"
,Infinite Legacy 53,1926,A,126 min,"Comedy, Drama",6.9,"A story about infinite legacy 53, filled with memorable characters, challenges, and unexpected events.",93,Director 226,Actor 195,Actor 143,Actor 386,Actor 488,1917147,"351,048,014"
,Forgotten Empire 54,1930,UA,180 min,"War, Drama",7.6,"A story about forgotten empire 54, filled with memorable characters, challenges, and unexpected events.",86,Director 18,Actor 400,Actor 491,Actor 334,Actor 21,228462,"375,867,056"
,The Last Mountain 55,1945,PG,164 min,"Animation, Adventure, Family",8.8,"A story about the last mountain 55, filled with memorable characters, challenges, and unexpected events.",87,Director 30,Actor 289,Actor 486,Actor 112,Actor 239,1010530,"135,628,741"
,Midnight Memory 56,1941,U,208 min,"Adventure, Drama",8.0,"A story about midnight memory 56, filled with memorable characters, challenges, and unexpected events.",82,Director 7,Actor 476,Actor 160,Actor 295,Actor 347,696883,"334,075,497"
,Secret Victory 57,2011,A,160 min,"Comedy, Romance",6.7,"A story about secret victory 57, filled with memorable characters, challenges, and unexpected events.",99,Director 176,Actor 308,Actor 413,Actor 62,Actor 408,437405,"748,705,284"
,Little Promise 58,1964,R,169 min,"Horror, Mystery",7.8,"A story about little promise 58, filled with memorable characters, challenges, and unexpected events.",66,Director 4,Actor 435,Actor 216,Actor 422,Actor 251,299225,"543,371,261"
,Silent Hope 59,1966,UA,191 min,"Sci-Fi, Adventure",8.1,"A story about silent hope 59, filled with memorable characters, challenges, and unexpected events.",91,Director 134,Actor 495,Actor 334,Actor 139,Actor 316,651691,"467,700,762"
,American Truth 60,1979,U,178 min,"Crime, Drama",7.4,"A story about american truth 60, filled with memorable characters, challenges, and unexpected events.",62,Director 226,Actor 231,Actor 125,Actor 385,Actor 238,1361843,"263,698,427"
,Little War 61,2005,PG,88 min,"Thriller, Mystery",7.3,"A story about little war 61, filled with memorable characters, challenges, and unexpected events.",58,Director 91,Actor 409,Actor 133,Actor 175,Actor 144,1373208,"195,349,057"
,Great Empire 62,1991,R,206 min,"Comedy, Drama",6.0,"A story about great empire 62, filled with memorable characters, challenges, and unexpected events.",71,Director 126,Actor 285,Actor 389,Actor 124,Actor 354,369086,"259,254,084"
,Crimson Truth 63,1977,R,96 min,Drama,8.6,"A story about crimson truth 63, filled with memorable characters, challenges, and unexpected events.",60,Director 79,Actor 340,Actor 298,Actor 189,Actor 243,939442,"434,322,401"
,American Destiny 64,1964,R,180 min,"War, Drama",7.4,"A story about american destiny 64, filled with memorable characters, challenges, and unexpected events.",74,Director 70,Actor 157,Actor 129,Actor 119,Actor 62,1397439,"377,853,674"
,Lost Future 65,1935,R,206 min,"Biography, Drama",8.5,"A story about lost future 65, filled with memorable characters, challenges, and unexpected events.",75,Director 71,Actor 371,Actor 302,Actor 390,Actor 269,813381,"232,441,238"
,Great Story 66,1932,A,122 min,"Comedy, Romance",8.7,"A story about great story 66, filled with memorable characters, challenges, and unexpected events.",45,Director 182,Actor 274,Actor 65,Actor 141,Actor 24,1523644,"192,773,892"
,A New World 67,1957,PG-13,101 min,"Thriller, Mystery",8.3,"A story about a new world 67, filled with memorable characters, challenges, and unexpected events.",63,Director 121,Actor 246,Actor 226,Actor 175,Actor 95,440283,"13,269,872"
,A New Empire 68,1981,PG-13,93 min,"Mystery, Thriller",6.4,"A story about a new empire 68, filled with memorable characters, challenges, and unexpected events.",85,Director 176,Actor 28,Actor 78,Actor 77,Actor 416,2072534,"79,645,125"
,Little Story 69,1930,PG-13,100 min,"War, Drama",9.3,"A story about little story 69, filled with memorable characters, challenges, and unexpected events.",95,Director 159,Actor 116,Actor 398,Actor 268,Actor 195,1755560,"651,128,618"
,Infinite Adventure 70,1958,U,139 min,Drama,8.8,"A story about infinite adventure 70, filled with memorable characters, challenges, and unexpected events.",84,Director 246,Actor 379,Actor 51,Actor 486,Actor 391,2395004,"666,923,010"
,Lost River 71,1953,U,105 min,"Comedy, Romance",8.2,"A story about lost river 71, filled with memorable characters, challenges, and unexpected events.",55,Director 1,Actor 210,Actor 231,Actor 353,Actor 305,739026,"592,797,161"
,Crimson Story 72,1924,R,175 min,Drama,6.8,"A story about crimson story 72, filled with memorable characters, challenges, and unexpected events.",59,Director 237,Actor 136,Actor 404,Actor 406,Actor 321,1914345,"76,528,684"
,Little River 73,1974,UA,113 min,"Animation, Adventure, Family",6.4,"A story about little river 73, filled with memorable characters, challenges, and unexpected events.",49,Director 16,Actor 85,Actor 406,Actor 158,Actor 305,1124143,"887,688,450"
,Little Story 74,1976,PG-13,173 min,Drama,6.4,"A story about little story 74, filled with memorable characters, challenges, and unexpected events.",79,Director 127,Actor 225,Actor 42,Actor 307,Actor 21,1698243,"292,422,121"
,Forgotten Future 75,1997,U,96 min,"Comedy, Romance",6.8,"A story about forgotten future 75, filled with memorable characters, challenges, and unexpected events.",93,Director 173,Actor 421,Actor 138,Actor 296,Actor 21,2422559,"630,518,447"
,Golden Truth 76,1986,PG,202 min,"Crime, Drama",8.1,"A story about golden truth 76, filled with memorable characters, challenges, and unexpected events.",85,Director 209,Actor 252,Actor 497,Actor 47,Actor 241,771220,"628,592,896"
,Rising Hope 77,1962,R,98 min,"Biography, Drama",7.1,"A story about rising hope 77, filled with memorable characters, challenges, and unexpected events.",76,Director 74,Actor 340,Actor 484,Actor 206,Actor 417,1393296,"442,100,551"
,American Promise 78,1978,PG,117 min,"Drama, Romance",6.3,"A story about american promise 78, filled with memorable characters, challenges, and unexpected events.",100,Director 132,Actor 423,Actor 1,Actor 337,Actor 446,496210,"829,617,022"
,American Adventure 79,1972,PG,151 min,"Horror, Mystery",6.2,"A story about american adventure 79, filled with memorable characters, challenges, and unexpected events.",93,Director 14,Actor 105,Actor 137,Actor 282,Actor 68,2100831,"671,627,524"
,Broken Adventure 80,2009,PG-13,88 min,"Comedy, Romance",7.6,"A story about broken adventure 80, filled with memorable characters, challenges, and unexpected events.",45,Director 142,Actor 209,Actor 48,Actor 116,Actor 431,674286,"333,765,422"
,Silent Adventure 81,1935,R,104 min,"Thriller, Mystery",8.1,"A story about silent adventure 81, filled with memorable characters, challenges, and unexpected events.",62,Director 107,Actor 428,Actor 248,Actor 242,Actor 125,1234156,"546,497,165"
,Infinite World 82,1938,A,202 min,"Fantasy, Adventure",7.3,"A story about infinite world 82, filled with memorable characters, challenges, and unexpected events.",94,Director 203,Actor 438,Actor 213,Actor 175,Actor 479,582557,"75,058,005"
,Beautiful Empire 83,1920,PG-13,123 min,"Thriller, Mystery",6.9,"A story about beautiful empire 83, filled with memorable characters, challenges, and unexpected events.",75,Director 89,Actor 171,Actor 283,Actor 391,Actor 279,633254,"479,576,614"
,Secret Adventure 84,1961,UA,210 min,"Comedy, Romance",8.9,"A story about secret adventure 84, filled with memorable characters, challenges, and unexpected events.",99,Director 199,Actor 211,Actor 23,Actor 163,Actor 382,2408293,"411,311,819"
,Crimson Victory 85,1969,UA,186 min,"Animation, Adventure, Family",9.3,"A story about crimson victory 85, filled with memorable characters, challenges, and unexpected events.",77,Director 248,Actor 303,Actor 170,Actor 446,Actor 52,2087558,"39,849,508"
,Infinite Dream 86,1987,UA,86 min,"Animation, Adventure, Family",9.0,"A story about infinite dream 86, filled with memorable characters, challenges, and unexpected events.",49,Director 121,Actor 401,Actor 497,Actor 136,Actor 174,1729574,"703,166,091"
,Great Victory 87,2003,R,127 min,"War, Drama",6.3,"A story about great victory 87, filled with memorable characters, challenges, and unexpected events.",90,Director 228,Actor 389,Actor 250,Actor 447,Actor 278,1603874,"340,112,324"
,A New War 88,1928,U,172 min,Drama,6.8,"A story about a new war 88, filled with memorable characters, challenges, and unexpected events.",72,Director 26,Actor 390,Actor 325,Actor 361,Actor 447,964146,"801,934,280"
,Silent Adventure 89,1941,U,200 min,"Action, Adventure",8.3,"A story about silent adventure 89, filled with memorable characters, challenges, and unexpected events.",63,Director 92,Actor 192,Actor 221,Actor 75,Actor 126,202900,"348,394,647"
,Beautiful Hope 90,1992,PG-13,108 min,"Biography, Drama",8.2,"A story about beautiful hope 90, filled with memorable characters, challenges, and unexpected events.",100,Director 98,Actor 318,Actor 350,Actor 124,Actor 255,744294,"84,891,618"
,Little Shadow 91,1949,U,117 min,"Sci-Fi, Adventure",7.5,"A story about little shadow 91, filled with memorable characters, challenges, and unexpected events.",96,Director 120,Actor 462,Actor 148,Actor 347,Actor 280,1080917,"716,114,770"
,Golden Kingdom 92,1976,A,160 min,Drama,9.1,"A story about golden kingdom 92, filled with memorable characters, challenges, and unexpected events.",74,Director 217,Actor 155,Actor 102,Actor 197,Actor 437,1789680,"741,318,491"
,Crimson Dream 93,1950,R,130 min,Drama,7.3,"A story about crimson dream 93, filled with memorable characters, challenges, and unexpected events.",70,Director 71,Actor 5,Actor 290,Actor 443,Actor 352,1248287,"23,657,463"
,A New War 94,2015,A,200 min,Drama,7.6,"A story about a new war 94, filled with memorable characters, challenges, and unexpected events.",59,Director 163,Actor 98,Actor 318,Actor 129,Actor 348,975186,"651,931,074"
,Dark Dream 95,2000,A,124 min,"Sci-Fi, Adventure",8.1,"A story about dark dream 95, filled with memorable characters, challenges, and unexpected events.",91,Director 34,Actor 47,Actor 466,Actor 152,Actor 168,149940,"622,412,633"
,Forgotten Legacy 96,1945,A,154 min,"Horror, Mystery",6.4,"A story about forgotten legacy 96, filled with memorable characters, challenges, and unexpected events.",98,Director 43,Actor 132,Actor 468,Actor 423,Actor 484,2236556,"538,898,023"
,Crimson Story 97,2015,UA,187 min,"Adventure, Drama",8.9,"A story about crimson story 97, filled with memorable characters, challenges, and unexpected events.",93,Director 248,Actor 116,Actor 441,Actor 347,Actor 371,1974324,"80,952,074"
,Secret World 98,1966,U,135 min,"Action, Adventure",6.3,"A story about secret world 98, filled with memorable characters, challenges, and unexpected events.",74,Director 95,Actor 345,Actor 384,Actor 345,Actor 135,1119219,"576,240,134"
,Little Victory 99,2001,PG-13,98 min,"Comedy, Romance",9.1,"A story about little victory 99, filled with memorable characters, challenges, and unexpected events.",80,Director 84,Actor 469,Actor 313,Actor 114,Actor 332,1987517,"26,970,011"
,Hidden Adventure 100,2009,U,137 min,"Adventure, Drama",7.0,"A story about hidden adventure 100, filled with memorable characters, challenges, and unexpected events.",64,Director 127,Actor 60,Actor 50,Actor 121,Actor 455,596267,"48,790,765"
,American Shadow 101,1969,R,170 min,"War, Drama",7.5,"A story about american shadow 101, filled with memorable characters, challenges, and unexpected events.",91,Director 40,Actor 454,Actor 213,Actor 336,Actor 51,1767945,"630,751,895"
,Crimson War 102,1972,PG,120 min,"Action, Crime, Drama",9.1,"A story about crimson war 102, filled with memorable characters, challenges, and unexpected events.",73,Director 244,Actor 121,Actor 438,Actor 186,Actor 51,1564115,"233,391,547"
,Rising World 103,2002,PG,135 min,"Crime, Drama",7.2,"A story about rising world 103, filled with memorable characters, challenges, and unexpected events.",50,Director 170,Actor 109,Actor 329,Actor 328,Actor 306,806114,"131,267,999"
,The Last Promise 104,2020,PG-13,101 min,"Comedy, Drama",7.1,"A story about the last promise 104, filled with memorable characters, challenges, and unexpected events.",58,Director 151,Actor 111,Actor 417,Actor 446,Actor 120,297771,"891,110,113"
,Falling Shadow 105,2020,PG-13,85 min,"Crime, Drama",9.0,"A story about falling shadow 105, filled with memorable characters, challenges, and unexpected events.",61,Director 205,Actor 90,Actor 57,Actor 339,Actor 444,616865,"139,677,989"
,The Last Shadow 106,1921,U,185 min,"Comedy, Romance",7.2,"A story about the last shadow 106, filled with memorable characters, challenges, and unexpected events.",56,Director 68,Actor 27,Actor 65,Actor 380,Actor 216,2479828,"347,746,966"
,Beautiful Dream 107,2015,U,142 min,"Horror, Mystery",6.2,"A story about beautiful dream 107, filled with memorable characters, challenges, and unexpected events.",73,Director 129,Actor 114,Actor 485,Actor 315,Actor 23,2162676,"637,544,033"
,Beautiful Story 108,1978,PG,88 min,"Action, Crime, Drama",8.1,"A story about beautiful story 108, filled with memorable characters, challenges, and unexpected events.",88,Director 28,Actor 252,Actor 365,Actor 466,Actor 228,2018995,"431,333,244"
,Hidden Kingdom 109,1961,R,93 min,"Animation, Adventure, Family",8.0,"A story about hidden kingdom 109, filled with memorable characters, challenges, and unexpected events.",82,Director 141,Actor 365,Actor 167,Actor 196,Actor 306,1163500,"670,455,806"
,Beautiful Story 110,1978,R,140 min,"Adventure, Drama",7.7,"A story about beautiful story 110, filled with memorable characters, challenges, and unexpected events.",94,Director 142,Actor 370,Actor 444,Actor 111,Actor 221,489887,"703,092,685"
,Infinite Mountain 111,1972,U,143 min,"Mystery, Thriller",7.1,"A story about infinite mountain 111, filled with memorable characters, challenges, and unexpected events.",65,Director 110,Actor 161,Actor 341,Actor 131,Actor 192,1754787,"783,515,470"
,Dark Truth 112,1928,R,95 min,"Action, Sci-Fi",6.3,"A story about dark truth 112, filled with memorable characters, challenges, and unexpected events.",92,Director 96,Actor 416,Actor 67,Actor 285,Actor 31,1821421,"103,785,265"
,Little World 113,1991,PG,100 min,"Romance, Drama",7.1,"A story about little world 113, filled with memorable characters, challenges, and unexpected events.",100,Director 235,Actor 370,Actor 27,Actor 496,Actor 148,1493097,"714,503,943"
,Great Story 114,1965,PG,149 min,"Comedy, Drama",6.3,"A story about great story 114, filled with memorable characters, challenges, and unexpected events.",59,Director 217,Actor 56,Actor 180,Actor 433,Actor 285,658985,"705,265,232"
,Rising Dream 115,2017,PG-13,113 min,"Romance, Drama",6.9,"A story about rising dream 115, filled with memorable characters, challenges, and unexpected events.",84,Director 173,Actor 330,Actor 286,Actor 14,Actor 312,2362860,"824,124,405"
,Midnight Journey 116,1943,U,182 min,Drama,6.9,"A story about midnight journey 116, filled with memorable characters, challenges, and unexpected events.",56,Director 223,Actor 74,Actor 290,Actor 337,Actor 206,1435327,"377,008,532"
,Hidden Shadow 117,2014,PG,88 min,"Action, Sci-Fi",8.1,"A story about hidden shadow 117, filled with memorable characters, challenges, and unexpected events.",71,Director 117,Actor 175,Actor 81,Actor 190,Actor 160,2235005,"231,097,172"
,Falling Heart 118,1996,PG-13,91 min,"Animation, Adventure, Family",6.3,"A story about falling heart 118, filled with memorable characters, challenges, and unexpected events.",48,Director 173,Actor 42,Actor 140,Actor 227,Actor 339,670224,"810,169,356"
,Forgotten Truth 119,1997,A,119 min,"Comedy, Drama",7.5,"A story about forgotten truth 119, filled with memorable characters, challenges, and unexpected events.",72,Director 29,Actor 146,Actor 348,Actor 348,Actor 304,2158936,"122,310,617"
,Crimson Destiny 120,2005,UA,113 min,"Mystery, Thriller",7.0,"A story about crimson destiny 120, filled with memorable characters, challenges, and unexpected events.",64,Director 243,Actor 109,Actor 393,Actor 71,Actor 392,239772,"8,353,947"
,Midnight Story 121,1961,PG,148 min,"Romance, Drama",6.4,"A story about midnight story 121, filled with memorable characters, challenges, and unexpected events.",79,Director 181,Actor 118,Actor 257,Actor 287,Actor 427,746917,"138,812,095"
,Rising Kingdom 122,1970,U,90 min,"Romance, Drama",8.8,"A story about rising kingdom 122, filled with memorable characters, challenges, and unexpected events.",100,Director 81,Actor 295,Actor 220,Actor 294,Actor 208,88607,"493,757,365"
,Forgotten Story 123,1934,PG-13,208 min,"Drama, Romance",7.3,"A story about forgotten story 123, filled with memorable characters, challenges, and unexpected events.",74,Director 213,Actor 354,Actor 471,Actor 186,Actor 46,730888,"860,513,104"
,Forgotten Dream 124,1951,A,136 min,"Fantasy, Adventure",7.4,"A story about forgotten dream 124, filled with memorable characters, challenges, and unexpected events.",92,Director 87,Actor 114,Actor 171,Actor 399,Actor 87,339869,"425,051,250"
,Hidden Destiny 125,2001,R,150 min,"Comedy, Drama",6.4,"A story about hidden destiny 125, filled with memorable characters, challenges, and unexpected events.",97,Director 166,Actor 418,Actor 76,Actor 121,Actor 53,1475386,"377,090,466"
,Dark Empire 126,1945,R,104 min,"Action, Sci-Fi",6.6,"A story about dark empire 126, filled with memorable characters, challenges, and unexpected events.",76,Director 119,Actor 387,Actor 289,Actor 390,Actor 297,753004,"829,939,316"
,Infinite Heart 127,2002,PG,164 min,"Drama, Romance",8.1,"A story about infinite heart 127, filled with memorable characters, challenges, and unexpected events.",49,Director 121,Actor 227,Actor 324,Actor 156,Actor 408,1335982,"162,189,272"
,Midnight Heart 128,1927,U,94 min,Drama,7.2,"A story about midnight heart 128, filled with memorable characters, challenges, and unexpected events.",48,Director 95,Actor 426,Actor 147,Actor 40,Actor 331,1946688,"485,338,820"
,Hidden War 129,1996,PG-13,144 min,"War, Drama",7.7,"A story about hidden war 129, filled with memorable characters, challenges, and unexpected events.",86,Director 49,Actor 165,Actor 310,Actor 244,Actor 257,182061,"482,997,882"
,Dark Promise 130,1977,R,200 min,"Drama, Romance",6.3,"A story about dark promise 130, filled with memorable characters, challenges, and unexpected events.",56,Director 11,Actor 127,Actor 363,Actor 225,Actor 225,363702,"541,855,366"
,Beautiful Destiny 131,1998,A,132 min,Drama,6.5,"A story about beautiful destiny 131, filled with memorable characters, challenges, and unexpected events.",88,Director 154,Actor 27,Actor 405,Actor 324,Actor 332,1634942,"439,012,794"
,Falling Kingdom 132,1962,R,171 min,"Mystery, Thriller",6.3,"A story about falling kingdom 132, filled with memorable characters, challenges, and unexpected events.",99,Director 169,Actor 494,Actor 465,Actor 309,Actor 448,1201798,"270,678,414"
,Dark Future 133,1930,R,103 min,"Horror, Mystery",7.9,"A story about dark future 133, filled with memorable characters, challenges, and unexpected events.",87,Director 101,Actor 67,Actor 305,Actor 363,Actor 481,1311206,"704,533,388"
,Hidden Story 134,1991,R,186 min,"Drama, Romance",7.2,"A story about hidden story 134, filled with memorable characters, challenges, and unexpected events.",98,Director 243,Actor 379,Actor 351,Actor 468,Actor 270,546005,"719,632,005"
,Hidden Hope 135,1985,A,131 min,Drama,7.2,"A story about hidden hope 135, filled with memorable characters, challenges, and unexpected events.",94,Director 125,Actor 99,Actor 116,Actor 71,Actor 80,766077,"230,087,621"
,Hidden Story 136,2020,R,183 min,"War, Drama",6.3,"A story about hidden story 136, filled with memorable characters, challenges, and unexpected events.",66,Director 225,Actor 393,Actor 317,Actor 68,Actor 306,2218433,"40,631,056"
,Secret Shadow 137,1940,PG,173 min,"Biography, Drama",6.6,"A story about secret shadow 137, filled with memorable characters, challenges, and unexpected events.",68,Director 174,Actor 369,Actor 122,Actor 497,Actor 228,1845735,"47,014,391"
,Great Story 138,2016,A,142 min,"Comedy, Romance",8.5,"A story about great story 138, filled with memorable characters, challenges, and unexpected events.",96,Director 201,Actor 241,Actor 463,Actor 428,Actor 100,2249805,"256,905,216"
,Rising Heart 139,1976,PG,121 min,"Mystery, Thriller",7.5,"A story about rising heart 139, filled with memorable characters, challenges, and unexpected events.",55,Director 210,Actor 103,Actor 411,Actor 310,Actor 71,2119343,"566,455,637"
,Midnight Promise 140,2002,PG-13,132 min,"War, Drama",7.6,"A story about midnight promise 140, filled with memorable characters, challenges, and unexpected events.",99,Director 32,Actor 146,Actor 43,Actor 391,Actor 83,440292,"763,960,982"
,Midnight Adventure 141,1985,PG,140 min,"Action, Sci-Fi",6.5,"A story about midnight adventure 141, filled with memorable characters, challenges, and unexpected events.",67,Director 239,Actor 14,Actor 213,Actor 28,Actor 203,941294,"877,028,440"
,Beautiful Memory 142,1950,A,95 min,"Horror, Mystery",7.3,"A story about beautiful memory 142, filled with memorable characters, challenges, and unexpected events.",51,Director 215,Actor 366,Actor 333,Actor 172,Actor 406,951783,"30,366,145"
,Dark Shadow 143,1924,R,191 min,"Thriller, Mystery",6.9,"A story about dark shadow 143, filled with memorable characters, challenges, and unexpected events.",75,Director 115,Actor 316,Actor 3,Actor 464,Actor 41,592138,"814,899,481"
,The Last Empire 144,1947,A,155 min,"Fantasy, Adventure",8.8,"A story about the last empire 144, filled with memorable characters, challenges, and unexpected events.",60,Director 78,Actor 63,Actor 25,Actor 123,Actor 215,1785259,"119,485,981"
,Great Adventure 145,1928,R,200 min,"Thriller, Mystery",6.4,"A story about great adventure 145, filled with memorable characters, challenges, and unexpected events.",77,Director 148,Actor 124,Actor 368,Actor 74,Actor 150,2258372,"17,747,321"
,Forgotten Journey 146,1998,R,158 min,"Romance, Drama",7.2,"A story about forgotten journey 146, filled with memorable characters, challenges, and unexpected events.",50,Director 135,Actor 500,Actor 185,Actor 35,Actor 489,795651,"713,463,254"
,Beautiful World 147,1984,PG,149 min,"War, Drama",8.6,"A story about beautiful world 147, filled with memorable characters, challenges, and unexpected events.",47,Director 163,Actor 199,Actor 192,Actor 130,Actor 383,95288,"419,346,503"
,The Last Memory 148,2020,A,115 min,"Adventure, Drama",6.2,"A story about the last memory 148, filled with memorable characters, challenges, and unexpected events.",53,Director 12,Actor 181,Actor 280,Actor 174,Actor 417,2450679,"789,501,015"
,Golden Adventure 149,2009,PG,108 min,"Animation, Adventure, Family",7.6,"A story about golden adventure 149, filled with memorable characters, challenges, and unexpected events.",47,Director 76,Actor 104,Actor 23,Actor 406,Actor 103,274662,"768,947,524"
,A New Future 150,1959,U,189 min,"War, Drama",7.7,"A story about a new future 150, filled with memorable characters, challenges, and unexpected events.",93,Director 166,Actor 98,Actor 147,Actor 183,Actor 442,1995582,"272,093,587"
,A New Future 151,1954,PG,132 min,"Romance, Drama",6.4,"A story about a new future 151, filled with memorable characters, challenges, and unexpected events.",69,Director 87,Actor 499,Actor 96,Actor 255,Actor 355,1687812,"798,220,571"
,Crimson Memory 152,1986,PG-13,95 min,"Romance, Drama",6.9,"A story about crimson memory 152, filled with memorable characters, challenges, and unexpected events.",97,Director 47,Actor 280,Actor 151,Actor 165,Actor 53,341043,"462,460,908"
,Hidden Future 153,2004,PG,142 min,"Romance, Drama",7.0,"A story about hidden future 153, filled with memorable characters, challenges, and unexpected events.",67,Director 115,Actor 22,Actor 373,Actor 446,Actor 467,708958,"740,729,322"
,Rising War 154,1975,R,210 min,"Action, Crime, Drama",6.9,"A story about rising war 154, filled with memorable characters, challenges, and unexpected events.",70,Director 94,Actor 263,Actor 411,Actor 384,Actor 348,324745,"720,778,212"
,Golden Journey 155,1938,U,171 min,"Sci-Fi, Adventure",8.8,"A story about golden journey 155, filled with memorable characters, challenges, and unexpected events.",60,Director 200,Actor 331,Actor 188,Actor 186,Actor 197,155957,"135,638,456"
,Little Promise 156,1997,U,142 min,"Horror, Mystery",6.5,"A story about little promise 156, filled with memorable characters, challenges, and unexpected events.",81,Director 36,Actor 272,Actor 188,Actor 204,Actor 161,1570337,"476,776,179"
,Midnight Mountain 157,1934,PG-13,108 min,"Thriller, Mystery",6.1,"A story about midnight mountain 157, filled with memorable characters, challenges, and unexpected events.",52,Director 68,Actor 397,Actor 134,Actor 361,Actor 229,2181581,"415,624,530"
,Lost War 158,1956,U,147 min,"Comedy, Drama",8.3,"A story about lost war 158, filled with memorable characters, challenges, and unexpected events.",73,Director 45,Actor 461,Actor 366,Actor 228,Actor 45,524378,"145,837,277"
,Falling Memory 159,2010,R,154 min,Drama,6.2,"A story about falling memory 159, filled with memorable characters, challenges, and unexpected events.",90,Director 238,Actor 359,Actor 327,Actor 90,Actor 407,1268109,"169,219,969"
,Rising Destiny 160,1948,PG,110 min,"Animation, Adventure, Family",6.4,"A story about rising destiny 160, filled with memorable characters, challenges, and unexpected events.",46,Director 93,Actor 284,Actor 294,Actor 189,Actor 240,1002943,"848,756,610"
,American Shadow 161,1998,R,93 min,Drama,8.9,"A story about american shadow 161, filled with memorable characters, challenges, and unexpected events.",75,Director 135,Actor 211,Actor 394,Actor 210,Actor 422,1680003,"769,901,588"
,Little Kingdom 162,1936,R,167 min,"Action, Sci-Fi",9.2,"A story about little kingdom 162, filled with memorable characters, challenges, and unexpected events.",78,Director 89,Actor 66,Actor 450,Actor 425,Actor 400,1897329,"500,284,588"
,American Heart 163,1943,U,101 min,"Romance, Drama",8.5,"A story about american heart 163, filled with memorable characters, challenges, and unexpected events.",78,Director 40,Actor 156,Actor 85,Actor 83,Actor 166,2119163,"59,599,094"
,Beyond Memory 164,1986,R,193 min,"Action, Sci-Fi",9.0,"A story about beyond memory 164, filled with memorable characters, challenges, and unexpected events.",80,Director 71,Actor 65,Actor 321,Actor 156,Actor 315,1061114,"210,877,576"
,American Kingdom 165,1984,PG-13,160 min,"Animation, Adventure, Family",8.1,"A story about american kingdom 165, filled with memorable characters, challenges, and unexpected events.",91,Director 231,Actor 310,Actor 173,Actor 432,Actor 474,728067,"707,409,035"
,Little Promise 166,1923,PG-13,206 min,"Crime, Drama",6.3,"A story about little promise 166, filled with memorable characters, challenges, and unexpected events.",71,Director 159,Actor 328,Actor 16,Actor 255,Actor 456,894194,"823,615,952"
,American Story 167,2002,PG,146 min,"Comedy, Romance",9.2,"A story about american story 167, filled with memorable characters, challenges, and unexpected events.",49,Director 177,Actor 31,Actor 81,Actor 226,Actor 213,1713275,"319,467,188"
,Crimson Adventure 168,1946,A,103 min,"Drama, Romance",7.1,"A story about crimson adventure 168, filled with memorable characters, challenges, and unexpected events.",70,Director 34,Actor 390,Actor 190,Actor 264,Actor 288,1349310,"788,440,979"
,Silent Future 169,1950,U,119 min,"Sci-Fi, Adventure",7.5,"A story about silent future 169, filled with memorable characters, challenges, and unexpected events.",48,Director 75,Actor 485,Actor 197,Actor 443,Actor 316,1049847,"151,366,214"
,Forgotten Mountain 170,1940,UA,204 min,"Drama, Romance",8.7,"A story about forgotten mountain 170, filled with memorable characters, challenges, and unexpected events.",76,Director 132,Actor 240,Actor 256,Actor 451,Actor 158,806221,"819,495,339"
,Crimson Journey 171,1931,PG-13,149 min,"Sci-Fi, Adventure",9.1,"A story about crimson journey 171, filled with memorable characters, challenges, and unexpected events.",67,Director 13,Actor 26,Actor 145,Actor 254,Actor 306,1019689,"231,109,561"
,Crimson Story 172,1988,R,98 min,"Romance, Drama",6.0,"A story about crimson story 172, filled with memorable characters, challenges, and unexpected events.",68,Director 196,Actor 207,Actor 188,Actor 24,Actor 206,571763,"284,075,609"
,A New Heart 173,1991,PG-13,155 min,Drama,6.6,"A story about a new heart 173, filled with memorable characters, challenges, and unexpected events.",73,Director 196,Actor 282,Actor 144,Actor 423,Actor 320,318414,"414,938,889"
,Great Dream 174,1936,A,135 min,"Horror, Mystery",9.2,"A story about great dream 174, filled with memorable characters, challenges, and unexpected events.",93,Director 37,Actor 102,Actor 309,Actor 261,Actor 206,1432226,"599,067,370"
,Beautiful Promise 175,1925,PG,176 min,"Drama, Romance",6.1,"A story about beautiful promise 175, filled with memorable characters, challenges, and unexpected events.",54,Director 156,Actor 458,Actor 264,Actor 72,Actor 168,1997026,"557,729,251"
,Great Future 176,1940,PG-13,163 min,Drama,7.3,"A story about great future 176, filled with memorable characters, challenges, and unexpected events.",79,Director 126,Actor 363,Actor 289,Actor 154,Actor 244,1420852,"544,825,317"
,The Last Memory 177,1962,R,210 min,"Romance, Drama",8.2,"A story about the last memory 177, filled with memorable characters, challenges, and unexpected events.",100,Director 177,Actor 323,Actor 14,Actor 306,Actor 243,2458224,"330,466,556"
,Midnight Heart 178,1993,R,91 min,"Thriller, Mystery",6.8,"A story about midnight heart 178, filled with memorable characters, challenges, and unexpected events.",91,Director 159,Actor 397,Actor 431,Actor 195,Actor 76,725179,"562,990,182"
,Beyond Promise 179,1993,A,99 min,"Comedy, Drama",9.1,"A story about beyond promise 179, filled with memorable characters, challenges, and unexpected events.",71,Director 39,Actor 212,Actor 354,Actor 105,Actor 211,89429,"473,661,557"
,Beautiful War 180,1980,UA,179 min,"Action, Crime, Drama",8.9,"A story about beautiful war 180, filled with memorable characters, challenges, and unexpected events.",80,Director 84,Actor 340,Actor 245,Actor 270,Actor 193,589159,"557,031,857"
,Falling Legacy 181,1978,R,128 min,"War, Drama",9.0,"A story about falling legacy 181, filled with memorable characters, challenges, and unexpected events.",88,Director 165,Actor 412,Actor 355,Actor 136,Actor 313,1495987,"725,808,356"
,Crimson River 182,1951,A,123 min,"Comedy, Romance",6.9,"A story about crimson river 182, filled with memorable characters, challenges, and unexpected events.",90,Director 54,Actor 354,Actor 361,Actor 251,Actor 163,1258285,"828,142,067"
,Crimson Memory 183,1991,PG-13,186 min,"Crime, Drama",9.1,"A story about crimson memory 183, filled with memorable characters, challenges, and unexpected events.",88,Director 140,Actor 195,Actor 459,Actor 203,Actor 420,1217076,"130,961,323"
,Rising Shadow 184,1957,R,207 min,"Action, Sci-Fi",6.1,"A story about rising shadow 184, filled with memorable characters, challenges, and unexpected events.",61,Director 192,Actor 246,Actor 110,Actor 104,Actor 424,1462753,"475,097,731"
,American Empire 185,1991,UA,102 min,"Adventure, Drama",8.3,"A story about american empire 185, filled with memorable characters, challenges, and unexpected events.",48,Director 172,Actor 464,Actor 272,Actor 116,Actor 327,2471345,"257,027,167"
,Beyond Promise 186,1932,UA,176 min,"Thriller, Mystery",7.4,"A story about beyond promise 186, filled with memorable characters, challenges, and unexpected events.",45,Director 247,Actor 282,Actor 476,Actor 81,Actor 209,431715,"731,524,323"
,Crimson Truth 187,2003,R,208 min,Drama,6.7,"A story about crimson truth 187, filled with memorable characters, challenges, and unexpected events.",48,Director 233,Actor 394,Actor 46,Actor 334,Actor 294,1357074,"306,562,391"
,Beyond World 188,2014,UA,204 min,"Action, Crime, Drama",8.4,"A story about beyond world 188, filled with memorable characters, challenges, and unexpected events.",47,Director 215,Actor 204,Actor 404,Actor 254,Actor 96,744274,"448,800,579"
,Broken Promise 189,1921,PG,162 min,"Adventure, Drama",7.0,"A story about broken promise 189, filled with memorable characters, challenges, and unexpected events.",86,Director 140,Actor 269,Actor 253,Actor 456,Actor 481,1415268,"305,645,745"
,Dark Destiny 190,1979,R,188 min,"Adventure, Drama",6.9,"A story about dark destiny 190, filled with memorable characters, challenges, and unexpected events.",74,Director 166,Actor 132,Actor 368,Actor 96,Actor 8,1396989,"174,576,883"
,Falling Story 191,1992,PG,109 min,"Biography, Drama",8.2,"A story about falling story 191, filled with memorable characters, challenges, and unexpected events.",77,Director 84,Actor 45,Actor 206,Actor 343,Actor 49,1710749,"888,073,565"
,Golden Shadow 192,1981,UA,116 min,"Action, Adventure",7.1,"A story about golden shadow 192, filled with memorable characters, challenges, and unexpected events.",73,Director 193,Actor 137,Actor 489,Actor 169,Actor 155,1103812,"411,959,868"
,Little Heart 193,1921,U,131 min,"Comedy, Romance",6.9,"A story about little heart 193, filled with memorable characters, challenges, and unexpected events.",74,Director 79,Actor 82,Actor 208,Actor 352,Actor 258,270568,"717,129,885"
,Broken Dream 194,2001,UA,122 min,"Horror, Mystery",9.0,"A story about broken dream 194, filled with memorable characters, challenges, and unexpected events.",75,Director 40,Actor 233,Actor 383,Actor 311,Actor 192,936308,"235,387,540"
,Forgotten World 195,1980,PG-13,187 min,"Comedy, Drama",8.5,"A story about forgotten world 195, filled with memorable characters, challenges, and unexpected events.",100,Director 202,Actor 42,Actor 270,Actor 229,Actor 271,1047945,"730,611,568"
,Rising Kingdom 196,1992,PG-13,191 min,"War, Drama",6.4,"A story about rising kingdom 196, filled with memorable characters, challenges, and unexpected events.",79,Director 39,Actor 85,Actor 168,Actor 438,Actor 267,2130166,"217,164,188"
,Infinite Dream 197,2007,PG,159 min,"Thriller, Mystery",6.7,"A story about infinite dream 197, filled with memorable characters, challenges, and unexpected events.",96,Director 15,Actor 233,Actor 68,Actor 263,Actor 213,391436,"548,111,361"
,Infinite Heart 198,1927,A,171 min,Drama,7.8,"A story about infinite heart 198, filled with memorable characters, challenges, and unexpected events.",97,Director 1,Actor 382,Actor 112,Actor 297,Actor 38,101311,"425,246,690"
,A New Hope 199,1964,U,154 min,"Action, Crime, Drama",8.3,"A story about a new hope 199, filled with memorable characters, challenges, and unexpected events.",63,Director 105,Actor 93,Actor 394,Actor 70,Actor 393,299487,"506,982,594"
,Forgotten Memory 200,1968,R,202 min,"Mystery, Thriller",7.5,"A story about forgotten memory 200, filled with memorable characters, challenges, and unexpected events.",87,Director 224,Actor 277,Actor 69,Actor 335,Actor 441,1585571,"86,267,773"
,Rising Dream 201,1942,UA,135 min,"Fantasy, Adventure",9.3,"A story about rising dream 201, filled with memorable characters, challenges, and unexpected events.",98,Director 1,Actor 388,Actor 12,Actor 153,Actor 238,544132,"781,631,720"
,American Hope 202,1988,UA,114 min,"Comedy, Romance",7.3,"A story about american hope 202, filled with memorable characters, challenges, and unexpected events.",62,Director 49,Actor 480,Actor 449,Actor 372,Actor 392,1942002,"371,786,188"
,Silent Promise 203,2004,U,183 min,"Action, Adventure",7.4,"A story about silent promise 203, filled with memorable characters, challenges, and unexpected events.",51,Director 153,Actor 18,Actor 229,Actor 307,Actor 345,1019427,"221,378,458"
,A New Mountain 204,2014,U,141 min,"Comedy, Romance",6.1,"A story about a new mountain 204, filled with memorable characters, challenges, and unexpected events.",53,Director 129,Actor 149,Actor 120,Actor 418,Actor 470,2273916,"233,391,033"
,Little Future 205,1993,UA,171 min,"Drama, Romance",8.0,"A story about little future 205, filled with memorable characters, challenges, and unexpected events.",87,Director 134,Actor 114,Actor 212,Actor 154,Actor 141,1003647,"324,117,094"
,A New World 206,1995,PG,201 min,"Biography, Drama",8.9,"A story about a new world 206, filled with memorable characters, challenges, and unexpected events.",48,Director 249,Actor 177,Actor 483,Actor 330,Actor 344,1801809,"596,940,109"
,Secret Destiny 207,1960,UA,137 min,"Animation, Adventure, Family",8.3,"A story about secret destiny 207, filled with memorable characters, challenges, and unexpected events.",93,Director 138,Actor 243,Actor 124,Actor 435,Actor 116,1267823,"404,321,050"
,Broken Shadow 208,1979,PG-13,156 min,"Romance, Drama",9.0,"A story about broken shadow 208, filled with memorable characters, challenges, and unexpected events.",53,Director 100,Actor 125,Actor 131,Actor 105,Actor 170,1756960,"598,482,096"
,Hidden Adventure 209,1967,PG,177 min,"Comedy, Drama",6.3,"A story about hidden adventure 209, filled with memorable characters, challenges, and unexpected events.",88,Director 155,Actor 309,Actor 21,Actor 448,Actor 38,226160,"288,358,432"
,Lost Heart 210,2012,A,112 min,"Thriller, Mystery",8.2,"A story about lost heart 210, filled with memorable characters, challenges, and unexpected events.",45,Director 55,Actor 480,Actor 98,Actor 493,Actor 380,886144,"357,617,705"
,Silent Truth 211,1951,PG-13,175 min,"Comedy, Drama",8.3,"A story about silent truth 211, filled with memorable characters, challenges, and unexpected events.",65,Director 199,Actor 145,Actor 195,Actor 239,Actor 274,1673595,"257,079,659"
,Rising Story 212,1953,R,197 min,"Thriller, Mystery",7.2,"A story about rising story 212, filled with memorable characters, challenges, and unexpected events.",75,Director 195,Actor 430,Actor 164,Actor 469,Actor 105,1964562,"105,979,779"
,Rising Future 213,1972,A,195 min,"Comedy, Romance",6.2,"A story about rising future 213, filled with memorable characters, challenges, and unexpected events.",80,Director 240,Actor 300,Actor 297,Actor 369,Actor 214,622044,"17,515,986"
,Broken Shadow 214,1945,R,133 min,"Comedy, Romance",7.1,"A story about broken shadow 214, filled with memorable characters, challenges, and unexpected events.",88,Director 87,Actor 132,Actor 391,Actor 421,Actor 251,2104222,"591,347,918"
,Crimson Adventure 215,1941,PG-13,130 min,"Biography, Drama",8.4,"A story about crimson adventure 215, filled with memorable characters, challenges, and unexpected events.",76,Director 48,Actor 470,Actor 456,Actor 278,Actor 329,597028,"773,530,762"
,A New Destiny 216,1924,UA,94 min,"Action, Crime, Drama",8.8,"A story about a new destiny 216, filled with memorable characters, challenges, and unexpected events.",98,Director 162,Actor 119,Actor 35,Actor 363,Actor 78,36775,"442,902,779"
,The Last River 217,1984,U,92 min,"Thriller, Mystery",7.5,"A story about the last river 217, filled with memorable characters, challenges, and unexpected events.",79,Director 142,Actor 211,Actor 7,Actor 9,Actor 272,2056209,"16,991,857"
,Midnight World 218,1956,U,189 min,"Romance, Drama",6.1,"A story about midnight world 218, filled with memorable characters, challenges, and unexpected events.",78,Director 39,Actor 124,Actor 99,Actor 318,Actor 270,761899,"115,008,010"
,Midnight Memory 219,1954,PG-13,95 min,"Horror, Mystery",8.6,"A story about midnight memory 219, filled with memorable characters, challenges, and unexpected events.",60,Director 179,Actor 116,Actor 154,Actor 351,Actor 424,1713002,"492,945,076"
,Hidden Promise 220,1931,R,133 min,"War, Drama",7.3,"A story about hidden promise 220, filled with memorable characters, challenges, and unexpected events.",45,Director 180,Actor 88,Actor 43,Actor 256,Actor 433,2006510,"60,352,954"
,Forgotten Future 221,1992,UA,209 min,"Adventure, Drama",9.2,"A story about forgotten future 221, filled with memorable characters, challenges, and unexpected events.",58,Director 231,Actor 445,Actor 355,Actor 455,Actor 291,2225260,"45,789,604"
,Crimson Empire 222,1925,R,172 min,"Crime, Drama",9.0,"A story about crimson empire 222, filled with memorable characters, challenges, and unexpected events.",47,Director 46,Actor 476,Actor 436,Actor 162,Actor 9,2287635,"605,164,109"
,Lost Heart 223,1938,UA,176 min,"Mystery, Thriller",8.5,"A story about lost heart 223, filled with memorable characters, challenges, and unexpected events.",81,Director 62,Actor 291,Actor 428,Actor 435,Actor 200,332699,"321,446,113"
,American Future 224,1969,A,102 min,"Action, Sci-Fi",8.5,"A story about american future 224, filled with memorable characters, challenges, and unexpected events.",48,Director 26,Actor 224,Actor 119,Actor 430,Actor 39,2110477,"800,527,880"
,Falling War 225,2018,R,161 min,"Mystery, Thriller",8.0,"A story about falling war 225, filled with memorable characters, challenges, and unexpected events.",62,Director 201,Actor 231,Actor 252,Actor 117,Actor 183,1378922,"31,910,311"
,American Victory 226,1975,PG-13,159 min,"Mystery, Thriller",6.6,"A story about american victory 226, filled with memorable characters, challenges, and unexpected events.",63,Director 205,Actor 127,Actor 366,Actor 38,Actor 43,369427,"829,208,437"
,Midnight Shadow 227,1968,A,166 min,"Animation, Adventure, Family",8.3,"A story about midnight shadow 227, filled with memorable characters, challenges, and unexpected events.",51,Director 24,Actor 3,Actor 483,Actor 158,Actor 228,1644193,"340,130,663"
,Rising Empire 228,1933,PG-13,108 min,"Romance, Drama",6.4,"A story about rising empire 228, filled with memorable characters, challenges, and unexpected events.",77,Director 105,Actor 53,Actor 14,Actor 46,Actor 182,1892586,"598,158,121"
,American Kingdom 229,1996,PG,126 min,"Mystery, Thriller",8.0,"A story about american kingdom 229, filled with memorable characters, challenges, and unexpected events.",69,Director 200,Actor 44,Actor 372,Actor 462,Actor 287,61760,"313,468,711"
,Beyond Heart 230,1986,A,133 min,"Biography, Drama",6.6,"A story about beyond heart 230, filled with memorable characters, challenges, and unexpected events.",62,Director 127,Actor 75,Actor 33,Actor 86,Actor 223,592337,"288,849,542"
,Midnight Hope 231,1958,R,94 min,"Horror, Mystery",7.6,"A story about midnight hope 231, filled with memorable characters, challenges, and unexpected events.",85,Director 127,Actor 305,Actor 316,Actor 101,Actor 235,1065705,"264,874,064"
,Silent Shadow 232,1958,A,135 min,"Drama, Romance",6.0,"A story about silent shadow 232, filled with memorable characters, challenges, and unexpected events.",73,Director 86,Actor 221,Actor 418,Actor 422,Actor 441,1603373,"863,470,520"
,Great Shadow 233,1958,UA,206 min,"Comedy, Drama",7.1,"A story about great shadow 233, filled with memorable characters, challenges, and unexpected events.",70,Director 248,Actor 164,Actor 150,Actor 377,Actor 356,2019112,"337,451,729"
,Crimson Heart 234,2020,U,133 min,"Crime, Drama",6.8,"A story about crimson heart 234, filled with memorable characters, challenges, and unexpected events.",81,Director 52,Actor 304,Actor 280,Actor 93,Actor 350,1658089,"392,032,454"
,American Journey 235,2013,A,175 min,"Comedy, Drama",7.5,"A story about american journey 235, filled with memorable characters, challenges, and unexpected events.",98,Director 178,Actor 36,Actor 420,Actor 435,Actor 408,1849013,"856,608,307"
,Forgotten Truth 236,1937,PG,115 min,"Crime, Drama",8.1,"A story about forgotten truth 236, filled with memorable characters, challenges, and unexpected events.",95,Director 97,Actor 38,Actor 230,Actor 307,Actor 246,656523,"768,079,226"
,Little Victory 237,1988,A,202 min,"Romance, Drama",7.7,"A story about little victory 237, filled with memorable characters, challenges, and unexpected events.",89,Director 230,Actor 416,Actor 275,Actor 305,Actor 327,2290213,"39,576,288"
,Hidden Dream 238,2018,PG-13,170 min,"Horror, Mystery",6.8,"A story about hidden dream 238, filled with memorable characters, challenges, and unexpected events.",47,Director 145,Actor 331,Actor 347,Actor 332,Actor 205,707674,"694,810,793"
,Falling Hope 239,1933,PG-13,118 min,"Comedy, Romance",6.0,"A story about falling hope 239, filled with memorable characters, challenges, and unexpected events.",80,Director 149,Actor 353,Actor 295,Actor 114,Actor 229,2151931,"802,027,335"
,Rising Victory 240,1979,U,160 min,"Fantasy, Adventure",8.5,"A story about rising victory 240, filled with memorable characters, challenges, and unexpected events.",75,Director 27,Actor 152,Actor 213,Actor 472,Actor 493,642270,"370,505,910"
,Hidden Dream 241,2013,UA,124 min,"Drama, Romance",6.5,"A story about hidden dream 241, filled with memorable characters, challenges, and unexpected events.",78,Director 124,Actor 179,Actor 244,Actor 50,Actor 225,1919803,"842,203,498"
,Infinite Future 242,1928,R,188 min,"Adventure, Drama",7.0,"A story about infinite future 242, filled with memorable characters, challenges, and unexpected events.",51,Director 174,Actor 410,Actor 85,Actor 477,Actor 380,104728,"368,477,143"
,Beyond Destiny 243,1942,UA,127 min,"War, Drama",7.8,"A story about beyond destiny 243, filled with memorable characters, challenges, and unexpected events.",96,Director 104,Actor 323,Actor 95,Actor 96,Actor 328,1798322,"496,226,873"
,Forgotten Victory 244,1923,PG,198 min,"Comedy, Drama",8.4,"A story about forgotten victory 244, filled with memorable characters, challenges, and unexpected events.",69,Director 2,Actor 361,Actor 110,Actor 106,Actor 143,1895654,"635,973,300"
,Hidden Heart 245,1933,UA,153 min,"Biography, Drama",8.6,"A story about hidden heart 245, filled with memorable characters, challenges, and unexpected events.",74,Director 30,Actor 135,Actor 344,Actor 442,Actor 251,1544247,"350,123,635"
,Beautiful Future 246,1996,PG,135 min,"Adventure, Drama",7.3,"A story about beautiful future 246, filled with memorable characters, challenges, and unexpected events.",84,Director 45,Actor 417,Actor 345,Actor 362,Actor 410,1469301,"378,040,931"
,Broken War 247,1995,A,102 min,"Drama, Romance",6.3,"A story about broken war 247, filled with memorable characters, challenges, and unexpected events.",52,Director 47,Actor 192,Actor 356,Actor 73,Actor 262,504347,"256,265,519"
,Secret Hope 248,1996,R,134 min,"Romance, Drama",6.5,"A story about secret hope 248, filled with memorable characters, challenges, and unexpected events.",79,Director 178,Actor 471,Actor 331,Actor 477,Actor 89,789107,"522,658,165"
,American Legacy 249,1982,U,108 min,"Drama, Romance",7.0,"A story about american legacy 249, filled with memorable characters, challenges, and unexpected events.",100,Director 92,Actor 488,Actor 5,Actor 249,Actor 70,1901635,"665,186,407"
,Lost Victory 250,1991,R,148 min,"Romance, Drama",7.7,"A story about lost victory 250, filled with memorable characters, challenges, and unexpected events.",98,Director 114,Actor 251,Actor 86,Actor 43,Actor 290,2072447,"446,379,777"
,The Last Mountain 251,1957,PG,113 min,"War, Drama",6.1,"A story about the last mountain 251, filled with memorable characters, challenges, and unexpected events.",81,Director 191,Actor 396,Actor 393,Actor 254,Actor 282,1220771,"180,713,009"
,Beautiful Dream 252,1993,U,184 min,"War, Drama",6.4,"A story about beautiful dream 252, filled with memorable characters, challenges, and unexpected events.",93,Director 185,Actor 226,Actor 280,Actor 112,Actor 218,1548729,"582,114,641"
,Silent Mountain 253,1958,U,89 min,"Sci-Fi, Adventure",8.9,"A story about silent mountain 253, filled with memorable characters, challenges, and unexpected events.",73,Director 222,Actor 61,Actor 398,Actor 416,Actor 122,1112326,"374,381,674"
,Lost Heart 254,2008,UA,175 min,"Romance, Drama",7.2,"A story about lost heart 254, filled with memorable characters, challenges, and unexpected events.",95,Director 53,Actor 417,Actor 106,Actor 413,Actor 31,706177,"661,687,312"
,Little Memory 255,1988,A,153 min,"Biography, Drama",6.9,"A story about little memory 255, filled with memorable characters, challenges, and unexpected events.",63,Director 147,Actor 137,Actor 488,Actor 440,Actor 264,1367501,"756,071,970"
,Silent Shadow 256,2016,UA,202 min,"Action, Crime, Drama",8.6,"A story about silent shadow 256, filled with memorable characters, challenges, and unexpected events.",89,Director 222,Actor 68,Actor 128,Actor 75,Actor 365,1173179,"704,363,267"
,Falling Mountain 257,2017,R,135 min,"Thriller, Mystery",8.8,"A story about falling mountain 257, filled with memorable characters, challenges, and unexpected events.",62,Director 161,Actor 213,Actor 193,Actor 232,Actor 39,606311,"620,105,941"
,Hidden Victory 258,1985,A,173 min,"Horror, Mystery",8.5,"A story about hidden victory 258, filled with memorable characters, challenges, and unexpected events.",82,Director 1,Actor 445,Actor 397,Actor 434,Actor 376,1917131,"524,133,772"
,Hidden Adventure 259,2001,UA,130 min,"Action, Sci-Fi",8.2,"A story about hidden adventure 259, filled with memorable characters, challenges, and unexpected events.",72,Director 212,Actor 109,Actor 254,Actor 138,Actor 166,2251538,"427,144,165"
,Broken Future 260,1990,U,157 min,"Thriller, Mystery",7.9,"A story about broken future 260, filled with memorable characters, challenges, and unexpected events.",47,Director 26,Actor 321,Actor 402,Actor 429,Actor 236,1451748,"732,984,547"
,The Last Dream 261,1940,UA,85 min,"Romance, Drama",7.5,"A story about the last dream 261, filled with memorable characters, challenges, and unexpected events.",86,Director 78,Actor 82,Actor 448,Actor 478,Actor 449,858584,"739,469,897"
,Midnight Kingdom 262,2003,PG,95 min,"Horror, Mystery",7.2,"A story about midnight kingdom 262, filled with memorable characters, challenges, and unexpected events.",85,Director 79,Actor 372,Actor 359,Actor 387,Actor 120,704262,"55,706,161"
,Forgotten Kingdom 263,2010,PG-13,112 min,"Thriller, Mystery",6.3,"A story about forgotten kingdom 263, filled with memorable characters, challenges, and unexpected events.",59,Director 133,Actor 349,Actor 228,Actor 5,Actor 5,336898,"142,585,313"
,Falling Dream 264,1974,U,146 min,"Action, Sci-Fi",8.3,"A story about falling dream 264, filled with memorable characters, challenges, and unexpected events.",91,Director 207,Actor 53,Actor 53,Actor 161,Actor 189,970272,"411,418,205"
,Broken Shadow 265,1968,PG-13,181 min,"Animation, Adventure, Family",8.6,"A story about broken shadow 265, filled with memorable characters, challenges, and unexpected events.",81,Director 3,Actor 313,Actor 333,Actor 85,Actor 226,609169,"73,556,403"
,Rising River 266,2000,U,202 min,"Romance, Drama",8.5,"A story about rising river 266, filled with memorable characters, challenges, and unexpected events.",51,Director 36,Actor 386,Actor 64,Actor 302,Actor 374,1865492,"233,364,702"
,Secret Memory 267,1974,U,102 min,"Comedy, Romance",7.0,"A story about secret memory 267, filled with memorable characters, challenges, and unexpected events.",60,Director 142,Actor 308,Actor 308,Actor 370,Actor 312,1171686,"692,256,071"
,Broken Journey 268,2004,R,111 min,"Fantasy, Adventure",8.9,"A story about broken journey 268, filled with memorable characters, challenges, and unexpected events.",70,Director 76,Actor 331,Actor 28,Actor 402,Actor 460,2147092,"202,657,660"
,Beyond Truth 269,1969,A,148 min,"Action, Sci-Fi",6.4,"A story about beyond truth 269, filled with memorable characters, challenges, and unexpected events.",65,Director 34,Actor 199,Actor 441,Actor 430,Actor 292,2225794,"13,056,853"
,Forgotten Memory 270,1989,PG-13,182 min,"Thriller, Mystery",8.3,"A story about forgotten memory 270, filled with memorable characters, challenges, and unexpected events.",49,Director 4,Actor 135,Actor 111,Actor 21,Actor 473,316149,"18,020,106"
,A New Victory 271,1984,R,176 min,"Fantasy, Adventure",6.9,"A story about a new victory 271, filled with memorable characters, challenges, and unexpected events.",70,Director 22,Actor 328,Actor 275,Actor 276,Actor 316,1752448,"454,910,443"
,Dark Empire 272,1930,A,150 min,"Comedy, Drama",7.0,"A story about dark empire 272, filled with memorable characters, challenges, and unexpected events.",70,Director 151,Actor 325,Actor 391,Actor 428,Actor 333,661698,"576,044,565"
,Hidden Story 273,2009,U,207 min,"Comedy, Romance",7.4,"A story about hidden story 273, filled with memorable characters, challenges, and unexpected events.",72,Director 30,Actor 233,Actor 314,Actor 312,Actor 29,252875,"262,608,142"
,Broken Legacy 274,1935,A,102 min,"Action, Adventure",6.0,"A story about broken legacy 274, filled with memorable characters, challenges, and unexpected events.",78,Director 133,Actor 401,Actor 422,Actor 370,Actor 133,697163,"533,119,326"
,Golden Memory 275,1936,U,196 min,"Crime, Drama",8.5,"A story about golden memory 275, filled with memorable characters, challenges, and unexpected events.",66,Director 207,Actor 220,Actor 140,Actor 269,Actor 33,505165,"828,416,966"
,Midnight Heart 276,2000,PG,143 min,"Fantasy, Adventure",6.3,"A story about midnight heart 276, filled with memorable characters, challenges, and unexpected events.",99,Director 146,Actor 86,Actor 189,Actor 81,Actor 131,1520469,"59,627,291"
,Silent Heart 277,2006,U,114 min,"Fantasy, Adventure",8.4,"A story about silent heart 277, filled with memorable characters, challenges, and unexpected events.",60,Director 12,Actor 242,Actor 187,Actor 197,Actor 472,20773,"47,385,340"
,Dark Legacy 278,1924,UA,201 min,"Romance, Drama",7.8,"A story about dark legacy 278, filled with memorable characters, challenges, and unexpected events.",71,Director 235,Actor 369,Actor 164,Actor 139,Actor 423,951685,"345,632,283"
,Hidden Heart 279,1967,PG-13,171 min,"Action, Crime, Drama",6.4,"A story about hidden heart 279, filled with memorable characters, challenges, and unexpected events.",47,Director 245,Actor 206,Actor 36,Actor 450,Actor 239,762224,"239,743,129"
,Broken Story 280,1961,A,143 min,"Action, Adventure",6.3,"A story about broken story 280, filled with memorable characters, challenges, and unexpected events.",81,Director 201,Actor 156,Actor 379,Actor 319,Actor 125,1557359,"215,569,014"
,Infinite Memory 281,1995,UA,183 min,"Comedy, Drama",9.2,"A story about infinite memory 281, filled with memorable characters, challenges, and unexpected events.",54,Director 2,Actor 478,Actor 210,Actor 13,Actor 120,2302435,"816,661,565"
,American Memory 282,2001,R,197 min,"Action, Adventure",8.8,"A story about american memory 282, filled with memorable characters, challenges, and unexpected events.",69,Director 218,Actor 378,Actor 373,Actor 158,Actor 54,1415164,"1,669,849"
,Lost Destiny 283,1950,A,208 min,"Action, Crime, Drama",7.4,"A story about lost destiny 283, filled with memorable characters, challenges, and unexpected events.",50,Director 12,Actor 472,Actor 119,Actor 460,Actor 433,607157,"764,231,026"
,Beautiful Hope 284,2009,PG-13,143 min,"Action, Sci-Fi",9.0,"A story about beautiful hope 284, filled with memorable characters, challenges, and unexpected events.",53,Director 164,Actor 420,Actor 202,Actor 39,Actor 304,2445928,"102,725,025"
,Little Promise 285,1975,A,101 min,"Comedy, Romance",8.2,"A story about little promise 285, filled with memorable characters, challenges, and unexpected events.",96,Director 101,Actor 359,Actor 426,Actor 377,Actor 168,1233377,"280,336,885"
,Falling Adventure 286,1954,PG-13,205 min,"Comedy, Drama",6.8,"A story about falling adventure 286, filled with memorable characters, challenges, and unexpected events.",51,Director 40,Actor 55,Actor 85,Actor 231,Actor 239,580894,"837,550,959"
,Falling Hope 287,1935,PG,208 min,"Comedy, Drama",7.8,"A story about falling hope 287, filled with memorable characters, challenges, and unexpected events.",61,Director 219,Actor 62,Actor 47,Actor 81,Actor 414,1905477,"331,142,889"
,Broken War 288,1925,R,194 min,"Drama, Romance",6.7,"A story about broken war 288, filled with memorable characters, challenges, and unexpected events.",60,Director 248,Actor 183,Actor 203,Actor 263,Actor 26,632115,"98,039,109"
,Broken Empire 289,1942,PG-13,136 min,"Sci-Fi, Adventure",6.1,"A story about broken empire 289, filled with memorable characters, challenges, and unexpected events.",60,Director 25,Actor 237,Actor 53,Actor 412,Actor 407,2341839,"803,343,119"
,Dark Dream 290,1921,PG,184 min,"Comedy, Romance",6.2,"A story about dark dream 290, filled with memorable characters, challenges, and unexpected events.",68,Director 176,Actor 323,Actor 481,Actor 331,Actor 44,558259,"212,843,722"
,Little Heart 291,1953,R,94 min,"Action, Adventure",9.0,"A story about little heart 291, filled with memorable characters, challenges, and unexpected events.",73,Director 208,Actor 66,Actor 48,Actor 464,Actor 434,280415,"212,432,805"
,Falling Dream 292,1925,R,91 min,"Biography, Drama",9.1,"A story about falling dream 292, filled with memorable characters, challenges, and unexpected events.",70,Director 128,Actor 16,Actor 196,Actor 350,Actor 219,2417044,"465,198,113"
,Golden Memory 293,1947,U,120 min,"Crime, Drama",9.0,"A story about golden memory 293, filled with memorable characters, challenges, and unexpected events.",84,Director 159,Actor 316,Actor 126,Actor 332,Actor 152,1880707,"159,691,761"
,Crimson Hope 294,1990,PG,96 min,"Crime, Drama",7.6,"A story about crimson hope 294, filled with memorable characters, challenges, and unexpected events.",57,Director 165,Actor 453,Actor 409,Actor 270,Actor 128,1616482,"147,456,051"
,American Journey 295,1968,PG,130 min,"Thriller, Mystery",8.6,"A story about american journey 295, filled with memorable characters, challenges, and unexpected events.",67,Director 234,Actor 290,Actor 258,Actor 165,Actor 199,2293873,"839,159,557"
,Midnight Legacy 296,1923,PG,113 min,"Action, Adventure",7.1,"A story about midnight legacy 296, filled with memorable characters, challenges, and unexpected events.",78,Director 92,Actor 393,Actor 300,Actor 120,Actor 499,1188317,"63,011,855"
,Golden Dream 297,1951,UA,119 min,"War, Drama",8.2,"A story about golden dream 297, filled with memorable characters, challenges, and unexpected events.",81,Director 217,Actor 409,Actor 199,Actor 182,Actor 479,244497,"820,492,140"
,Golden Legacy 298,1950,R,188 min,"Horror, Mystery",8.0,"A story about golden legacy 298, filled with memorable characters, challenges, and unexpected events.",89,Director 91,Actor 486,Actor 291,Actor 289,Actor 73,2491192,"30,386,569"
,Little River 299,1983,U,107 min,"Thriller, Mystery",7.8,"A story about little river 299, filled with memorable characters, challenges, and unexpected events.",59,Director 155,Actor 113,Actor 11,Actor 270,Actor 245,169231,"97,013,120"
,The Last Future 300,1998,A,101 min,"Drama, Romance",6.7,"A story about the last future 300, filled with memorable characters, challenges, and unexpected events.",48,Director 6,Actor 76,Actor 301,Actor 361,Actor 470,754320,"861,696,686"
,Dark Dream 301,1987,R,207 min,"Action, Sci-Fi",8.8,"A story about dark dream 301, filled with memorable characters, challenges, and unexpected events.",70,Director 151,Actor 52,Actor 173,Actor 155,Actor 166,1576953,"756,591,925"
,Dark Legacy 302,2013,R,186 min,"Thriller, Mystery",9.1,"A story about dark legacy 302, filled with memorable characters, challenges, and unexpected events.",80,Director 178,Actor 456,Actor 476,Actor 315,Actor 403,1340783,"187,148,690"
,Rising Mountain 303,2005,R,107 min,"Mystery, Thriller",7.9,"A story about rising mountain 303, filled with memorable characters, challenges, and unexpected events.",63,Director 33,Actor 91,Actor 374,Actor 1,Actor 486,1296909,"788,221,101"
,Little Victory 304,2018,PG-13,89 min,"Biography, Drama",9.2,"A story about little victory 304, filled with memorable characters, challenges, and unexpected events.",59,Director 164,Actor 290,Actor 54,Actor 480,Actor 255,1344698,"868,549,816"
,Dark Future 305,2015,U,129 min,"Drama, Romance",6.3,"A story about dark future 305, filled with memorable characters, challenges, and unexpected events.",97,Director 182,Actor 344,Actor 328,Actor 374,Actor 454,714170,"683,200,341"
,Falling Adventure 306,1921,U,116 min,"Action, Sci-Fi",6.9,"A story about falling adventure 306, filled with memorable characters, challenges, and unexpected events.",91,Director 1,Actor 25,Actor 198,Actor 225,Actor 376,1480024,"275,684,366"
,Forgotten Legacy 307,1972,U,133 min,"Horror, Mystery",7.6,"A story about forgotten legacy 307, filled with memorable characters, challenges, and unexpected events.",98,Director 123,Actor 404,Actor 443,Actor 296,Actor 334,2300190,"403,126,384"
,Beyond Legacy 308,1977,A,193 min,"Action, Crime, Drama",6.2,"A story about beyond legacy 308, filled with memorable characters, challenges, and unexpected events.",61,Director 244,Actor 54,Actor 38,Actor 176,Actor 88,1246936,"21,658,591"
,Secret Legacy 309,2013,PG-13,205 min,"Action, Sci-Fi",6.2,"A story about secret legacy 309, filled with memorable characters, challenges, and unexpected events.",75,Director 181,Actor 16,Actor 221,Actor 483,Actor 335,1427467,"637,935,435"
,Golden War 310,1975,PG,97 min,"Drama, Romance",6.5,"A story about golden war 310, filled with memorable characters, challenges, and unexpected events.",89,Director 142,Actor 370,Actor 474,Actor 374,Actor 277,872141,"204,094,042"
,Midnight Story 311,1958,PG,91 min,"Mystery, Thriller",6.8,"A story about midnight story 311, filled with memorable characters, challenges, and unexpected events.",54,Director 14,Actor 185,Actor 2,Actor 219,Actor 45,2408176,"590,295,758"
,Broken War 312,1981,A,88 min,"Comedy, Drama",6.7,"A story about broken war 312, filled with memorable characters, challenges, and unexpected events.",50,Director 122,Actor 433,Actor 60,Actor 158,Actor 402,726522,"685,352,000"
,Secret Truth 313,1982,UA,118 min,"Action, Sci-Fi",9.0,"A story about secret truth 313, filled with memorable characters, challenges, and unexpected events.",68,Director 227,Actor 196,Actor 190,Actor 96,Actor 229,2292229,"416,204,074"
,A New Empire 314,1976,UA,113 min,"Crime, Drama",7.5,"A story about a new empire 314, filled with memorable characters, challenges, and unexpected events.",93,Director 179,Actor 342,Actor 50,Actor 44,Actor 343,2376621,"66,284,772"
,Rising World 315,1972,PG,160 min,"Comedy, Romance",9.2,"A story about rising world 315, filled with memorable characters, challenges, and unexpected events.",97,Director 134,Actor 215,Actor 495,Actor 275,Actor 352,2331974,"65,580,798"
,Crimson Heart 316,1950,PG-13,95 min,"Mystery, Thriller",7.6,"A story about crimson heart 316, filled with memorable characters, challenges, and unexpected events.",78,Director 205,Actor 293,Actor 347,Actor 318,Actor 76,155661,"539,227,345"
,Silent Adventure 317,1942,U,106 min,"Comedy, Drama",9.1,"A story about silent adventure 317, filled with memorable characters, challenges, and unexpected events.",72,Director 21,Actor 350,Actor 223,Actor 104,Actor 422,818351,"135,591,190"
,Dark War 318,1953,PG-13,178 min,"Action, Sci-Fi",7.1,"A story about dark war 318, filled with memorable characters, challenges, and unexpected events.",70,Director 142,Actor 167,Actor 439,Actor 142,Actor 267,375019,"416,818,295"
,Infinite Journey 319,2020,PG,160 min,"Fantasy, Adventure",8.3,"A story about infinite journey 319, filled with memorable characters, challenges, and unexpected events.",54,Director 38,Actor 291,Actor 302,Actor 299,Actor 389,1769904,"120,916,186"
,Silent Dream 320,1992,PG,185 min,Drama,8.6,"A story about silent dream 320, filled with memorable characters, challenges, and unexpected events.",61,Director 99,Actor 336,Actor 249,Actor 293,Actor 312,2256609,"369,326,717"
,Crimson Promise 321,1942,A,103 min,"Mystery, Thriller",6.9,"A story about crimson promise 321, filled with memorable characters, challenges, and unexpected events.",89,Director 61,Actor 26,Actor 382,Actor 244,Actor 472,172665,"425,079,220"
,Midnight Memory 322,1922,PG,186 min,Drama,7.1,"A story about midnight memory 322, filled with memorable characters, challenges, and unexpected events.",99,Director 179,Actor 351,Actor 51,Actor 498,Actor 445,1314215,"301,119,924"
,Beyond Shadow 323,1958,PG,141 min,"Drama, Romance",9.2,"A story about beyond shadow 323, filled with memorable characters, challenges, and unexpected events.",83,Director 166,Actor 46,Actor 97,Actor 227,Actor 109,1140029,"782,642,411"
,Forgotten Truth 324,2017,UA,132 min,"Action, Crime, Drama",7.7,"A story about forgotten truth 324, filled with memorable characters, challenges, and unexpected events.",49,Director 80,Actor 364,Actor 260,Actor 207,Actor 70,2171197,"849,956,342"
,Beautiful Heart 325,1923,U,197 min,"Comedy, Drama",6.6,"A story about beautiful heart 325, filled with memorable characters, challenges, and unexpected events.",74,Director 13,Actor 471,Actor 185,Actor 361,Actor 102,251707,"267,988,133"
,Midnight Memory 326,1979,A,166 min,"Adventure, Drama",7.7,"A story about midnight memory 326, filled with memorable characters, challenges, and unexpected events.",76,Director 153,Actor 229,Actor 91,Actor 492,Actor 446,138191,"259,879,054"
,Crimson Heart 327,1990,U,105 min,"Crime, Drama",7.2,"A story about crimson heart 327, filled with memorable characters, challenges, and unexpected events.",69,Director 13,Actor 84,Actor 438,Actor 293,Actor 400,389131,"306,190,918"
,Lost Mountain 328,2002,U,111 min,"Crime, Drama",6.7,"A story about lost mountain 328, filled with memorable characters, challenges, and unexpected events.",100,Director 200,Actor 496,Actor 393,Actor 350,Actor 5,1727597,"551,231,533"
,Crimson Shadow 329,2002,PG-13,187 min,"Action, Adventure",6.6,"A story about crimson shadow 329, filled with memorable characters, challenges, and unexpected events.",96,Director 242,Actor 157,Actor 365,Actor 496,Actor 364,948559,"271,102,172"
,Midnight Hope 330,1968,A,143 min,"Crime, Drama",8.8,"A story about midnight hope 330, filled with memorable characters, challenges, and unexpected events.",88,Director 134,Actor 423,Actor 320,Actor 204,Actor 300,925235,"501,213,183"
,Silent Journey 331,1985,PG-13,208 min,"Horror, Mystery",9.3,"A story about silent journey 331, filled with memorable characters, challenges, and unexpected events.",83,Director 73,Actor 153,Actor 351,Actor 56,Actor 247,2364921,"695,178,308"
,Hidden Future 332,1955,R,195 min,"Crime, Drama",8.1,"A story about hidden future 332, filled with memorable characters, challenges, and unexpected events.",86,Director 77,Actor 97,Actor 77,Actor 265,Actor 392,1105329,"704,603,060"
,Beyond Promise 333,1996,PG,125 min,"Animation, Adventure, Family",7.3,"A story about beyond promise 333, filled with memorable characters, challenges, and unexpected events.",63,Director 67,Actor 465,Actor 215,Actor 208,Actor 199,116767,"703,831,001"
,A New Heart 334,2010,R,189 min,"Comedy, Drama",9.3,"A story about a new heart 334, filled with memorable characters, challenges, and unexpected events.",59,Director 176,Actor 274,Actor 327,Actor 402,Actor 244,1449346,"780,226,986"
,Rising Destiny 335,1958,U,192 min,"War, Drama",8.8,"A story about rising destiny 335, filled with memorable characters, challenges, and unexpected events.",75,Director 33,Actor 380,Actor 133,Actor 372,Actor 414,769738,"315,548,230"
,American Legacy 336,2007,UA,168 min,"Action, Sci-Fi",9.0,"A story about american legacy 336, filled with memorable characters, challenges, and unexpected events.",92,Director 224,Actor 158,Actor 216,Actor 404,Actor 455,942198,"381,582,646"
,Falling Memory 337,1953,R,144 min,"Adventure, Drama",7.9,"A story about falling memory 337, filled with memorable characters, challenges, and unexpected events.",82,Director 149,Actor 484,Actor 318,Actor 37,Actor 242,1983573,"57,735,190"
,Lost Destiny 338,1935,U,133 min,"Fantasy, Adventure",8.9,"A story about lost destiny 338, filled with memorable characters, challenges, and unexpected events.",100,Director 219,Actor 78,Actor 71,Actor 103,Actor 176,1261394,"443,670,539"
,Forgotten Heart 339,1978,A,195 min,"Biography, Drama",6.5,"A story about forgotten heart 339, filled with memorable characters, challenges, and unexpected events.",85,Director 46,Actor 161,Actor 325,Actor 30,Actor 3,348947,"523,635,947"
,Infinite Empire 340,1946,U,106 min,"Biography, Drama",8.5,"A story about infinite empire 340, filled with memorable characters, challenges, and unexpected events.",53,Director 158,Actor 223,Actor 325,Actor 220,Actor 207,2063435,"843,213,786"
,Forgotten Truth 341,1969,A,153 min,"Comedy, Drama",6.0,"A story about forgotten truth 341, filled with memorable characters, challenges, and unexpected events.",93,Director 214,Actor 272,Actor 98,Actor 10,Actor 347,1574900,"15,215,189"
,The Last Mountain 342,1948,PG,129 min,Drama,8.3,"A story about the last mountain 342, filled with memorable characters, challenges, and unexpected events.",77,Director 151,Actor 157,Actor 86,Actor 34,Actor 422,550774,"110,382,113"
,A New Story 343,1957,R,151 min,"Fantasy, Adventure",7.5,"A story about a new story 343, filled with memorable characters, challenges, and unexpected events.",53,Director 88,Actor 462,Actor 251,Actor 184,Actor 385,1426983,"465,744,493"
,Lost Legacy 344,1971,U,113 min,"Animation, Adventure, Family",6.1,"A story about lost legacy 344, filled with memorable characters, challenges, and unexpected events.",82,Director 130,Actor 87,Actor 64,Actor 188,Actor 365,895796,"788,308,775"
,A New Victory 345,2001,U,153 min,"Action, Crime, Drama",6.8,"A story about a new victory 345, filled with memorable characters, challenges, and unexpected events.",86,Director 215,Actor 11,Actor 25,Actor 354,Actor 60,211160,"710,884,787"
,Forgotten Adventure 346,1968,R,117 min,"Thriller, Mystery",6.4,"A story about forgotten adventure 346, filled with memorable characters, challenges, and unexpected events.",88,Director 162,Actor 5,Actor 155,Actor 216,Actor 339,652261,"220,748,482"
,Silent Destiny 347,1954,U,174 min,"Animation, Adventure, Family",8.1,"A story about silent destiny 347, filled with memorable characters, challenges, and unexpected events.",77,Director 185,Actor 317,Actor 61,Actor 145,Actor 59,1766682,"892,006,567"
,Silent Truth 348,1945,A,184 min,"Crime, Drama",8.0,"A story about silent truth 348, filled with memorable characters, challenges, and unexpected events.",90,Director 105,Actor 152,Actor 83,Actor 21,Actor 281,2204233,"216,644,937"
,Crimson River 349,2008,R,127 min,"Comedy, Romance",9.1,"A story about crimson river 349, filled with memorable characters, challenges, and unexpected events.",50,Director 233,Actor 57,Actor 428,Actor 294,Actor 343,21484,"13,789,561"
,Crimson Shadow 350,1931,UA,94 min,"Adventure, Drama",8.6,"A story about crimson shadow 350, filled with memorable characters, challenges, and unexpected events.",74,Director 76,Actor 136,Actor 238,Actor 26,Actor 52,1083289,"691,951,361"
,Golden Promise 351,1957,U,171 min,"Drama, Romance",7.2,"A story about golden promise 351, filled with memorable characters, challenges, and unexpected events.",51,Director 218,Actor 389,Actor 456,Actor 24,Actor 5,1796753,"793,101,503"
,Dark Legacy 352,1962,A,141 min,"Crime, Drama",7.2,"A story about dark legacy 352, filled with memorable characters, challenges, and unexpected events.",56,Director 30,Actor 206,Actor 205,Actor 493,Actor 234,399866,"400,199,988"
,Midnight Victory 353,2008,UA,187 min,"Romance, Drama",8.8,"A story about midnight victory 353, filled with memorable characters, challenges, and unexpected events.",89,Director 186,Actor 31,Actor 483,Actor 433,Actor 82,709520,"121,493,557"
,Silent Hope 354,1995,PG,157 min,"Sci-Fi, Adventure",7.6,"A story about silent hope 354, filled with memorable characters, challenges, and unexpected events.",94,Director 92,Actor 314,Actor 15,Actor 442,Actor 351,770261,"656,503,241"
,Dark Truth 355,1982,A,137 min,"Sci-Fi, Adventure",6.4,"A story about dark truth 355, filled with memorable characters, challenges, and unexpected events.",86,Director 81,Actor 7,Actor 361,Actor 445,Actor 348,202821,"68,106,560"
,Beautiful Heart 356,2012,R,210 min,"Drama, Romance",7.9,"A story about beautiful heart 356, filled with memorable characters, challenges, and unexpected events.",89,Director 159,Actor 49,Actor 222,Actor 339,Actor 373,2187261,"561,777,752"
,Beyond Truth 357,1964,PG-13,167 min,"Mystery, Thriller",8.2,"A story about beyond truth 357, filled with memorable characters, challenges, and unexpected events.",84,Director 14,Actor 6,Actor 330,Actor 479,Actor 81,633501,"887,480,851"
,Beautiful Truth 358,1983,A,94 min,"Thriller, Mystery",8.9,"A story about beautiful truth 358, filled with memorable characters, challenges, and unexpected events.",62,Director 13,Actor 260,Actor 115,Actor 282,Actor 330,1354835,"258,755,621"
,Secret Victory 359,1950,PG,141 min,"Sci-Fi, Adventure",6.3,"A story about secret victory 359, filled with memorable characters, challenges, and unexpected events.",65,Director 31,Actor 255,Actor 382,Actor 335,Actor 10,379182,"535,313,213"
,Silent Victory 360,1972,PG-13,155 min,"Action, Adventure",6.1,"A story about silent victory 360, filled with memorable characters, challenges, and unexpected events.",84,Director 164,Actor 156,Actor 456,Actor 261,Actor 288,391243,"850,270,825"
,Lost Adventure 361,1963,PG-13,91 min,"Comedy, Romance",7.2,"A story about lost adventure 361, filled with memorable characters, challenges, and unexpected events.",94,Director 159,Actor 308,Actor 243,Actor 367,Actor 337,1916143,"356,552,891"
,Rising Adventure 362,1934,A,169 min,"Comedy, Romance",6.3,"A story about rising adventure 362, filled with memorable characters, challenges, and unexpected events.",98,Director 163,Actor 494,Actor 410,Actor 150,Actor 281,19214,"366,629,415"
,Beautiful Memory 363,2009,R,199 min,"Biography, Drama",6.4,"A story about beautiful memory 363, filled with memorable characters, challenges, and unexpected events.",92,Director 185,Actor 210,Actor 55,Actor 131,Actor 313,2075368,"150,906,165"
,Lost River 364,1935,UA,135 min,"Comedy, Drama",9.1,"A story about lost river 364, filled with memorable characters, challenges, and unexpected events.",90,Director 87,Actor 56,Actor 388,Actor 213,Actor 24,1926989,"885,458,270"
,Little Dream 365,2018,U,143 min,"Fantasy, Adventure",8.9,"A story about little dream 365, filled with memorable characters, challenges, and unexpected events.",78,Director 189,Actor 25,Actor 284,Actor 479,Actor 222,574704,"535,713,177"
,Little Truth 366,1985,R,201 min,"Biography, Drama",8.6,"A story about little truth 366, filled with memorable characters, challenges, and unexpected events.",97,Director 33,Actor 54,Actor 199,Actor 337,Actor 308,2436632,"186,555,552"
,Great Future 367,1984,A,138 min,"Comedy, Romance",8.9,"A story about great future 367, filled with memorable characters, challenges, and unexpected events.",63,Director 116,Actor 413,Actor 69,Actor 71,Actor 212,1157544,"427,309,652"
,Great Destiny 368,1958,UA,155 min,"Drama, Romance",8.8,"A story about great destiny 368, filled with memorable characters, challenges, and unexpected events.",57,Director 54,Actor 320,Actor 366,Actor 149,Actor 352,2331889,"679,331,134"
,Rising Shadow 369,2010,R,207 min,"Biography, Drama",8.1,"A story about rising shadow 369, filled with memorable characters, challenges, and unexpected events.",85,Director 83,Actor 364,Actor 60,Actor 390,Actor 181,2123482,"582,595,784"
,American Truth 370,1994,PG,170 min,"Romance, Drama",7.9,"A story about american truth 370, filled with memorable characters, challenges, and unexpected events.",96,Director 4,Actor 268,Actor 55,Actor 13,Actor 196,2249350,"307,112,827"
,Dark Promise 371,2005,A,119 min,"Biography, Drama",6.2,"A story about dark promise 371, filled with memorable characters, challenges, and unexpected events.",54,Director 215,Actor 32,Actor 354,Actor 402,Actor 152,1212152,"733,884,779"
,Lost World 372,1924,R,142 min,"Adventure, Drama",7.2,"A story about lost world 372, filled with memorable characters, challenges, and unexpected events.",86,Director 144,Actor 200,Actor 122,Actor 262,Actor 402,2366716,"240,948,222"
,Broken Promise 373,1968,U,207 min,"Drama, Romance",7.3,"A story about broken promise 373, filled with memorable characters, challenges, and unexpected events.",92,Director 65,Actor 104,Actor 318,Actor 445,Actor 400,2325778,"57,869,665"
,Infinite Mountain 374,2001,R,167 min,"Horror, Mystery",8.3,"A story about infinite mountain 374, filled with memorable characters, challenges, and unexpected events.",83,Director 51,Actor 398,Actor 372,Actor 494,Actor 100,2477866,"587,023,535"
,Broken Adventure 375,1942,PG-13,94 min,"Biography, Drama",9.2,"A story about broken adventure 375, filled with memorable characters, challenges, and unexpected events.",52,Director 97,Actor 21,Actor 220,Actor 143,Actor 285,738949,"789,385,590"
,Midnight Shadow 376,1940,R,117 min,"Action, Adventure",7.9,"A story about midnight shadow 376, filled with memorable characters, challenges, and unexpected events.",54,Director 11,Actor 79,Actor 476,Actor 166,Actor 306,1396480,"500,819,456"
,A New War 377,2004,R,186 min,"War, Drama",7.0,"A story about a new war 377, filled with memorable characters, challenges, and unexpected events.",65,Director 135,Actor 113,Actor 490,Actor 95,Actor 267,1511919,"78,355,153"
,Hidden Destiny 378,1940,UA,153 min,"Mystery, Thriller",7.4,"A story about hidden destiny 378, filled with memorable characters, challenges, and unexpected events.",58,Director 170,Actor 170,Actor 170,Actor 185,Actor 151,395647,"375,268,561"
,Lost War 379,1987,A,156 min,"Action, Adventure",7.6,"A story about lost war 379, filled with memorable characters, challenges, and unexpected events.",73,Director 62,Actor 464,Actor 329,Actor 315,Actor 471,491178,"718,367,208"
,Great Mountain 380,1925,A,126 min,"Mystery, Thriller",8.3,"A story about great mountain 380, filled with memorable characters, challenges, and unexpected events.",79,Director 186,Actor 145,Actor 13,Actor 467,Actor 265,485525,"414,431,133"
,Rising Destiny 381,1985,PG-13,90 min,Drama,7.5,"A story about rising destiny 381, filled with memorable characters, challenges, and unexpected events.",50,Director 243,Actor 50,Actor 86,Actor 498,Actor 490,817455,"344,033,202"
,American World 382,1920,U,111 min,"Comedy, Drama",8.1,"A story about american world 382, filled with memorable characters, challenges, and unexpected events.",58,Director 138,Actor 425,Actor 360,Actor 450,Actor 500,1789263,"897,388,545"
,Forgotten Kingdom 383,2015,U,88 min,"Sci-Fi, Adventure",8.3,"A story about forgotten kingdom 383, filled with memorable characters, challenges, and unexpected events.",49,Director 14,Actor 92,Actor 407,Actor 129,Actor 286,1401315,"40,780,121"
,Hidden Heart 384,1949,PG,137 min,"Mystery, Thriller",9.0,"A story about hidden heart 384, filled with memorable characters, challenges, and unexpected events.",72,Director 81,Actor 9,Actor 200,Actor 345,Actor 61,1902158,"676,790,635"
,American Journey 385,2002,PG-13,93 min,"Action, Crime, Drama",8.4,"A story about american journey 385, filled with memorable characters, challenges, and unexpected events.",51,Director 75,Actor 403,Actor 352,Actor 155,Actor 311,314462,"384,177,593"
,Hidden Story 386,2017,UA,133 min,"Mystery, Thriller",9.1,"A story about hidden story 386, filled with memorable characters, challenges, and unexpected events.",79,Director 57,Actor 70,Actor 383,Actor 201,Actor 408,139264,"509,040,398"
,American Story 387,2001,PG-13,171 min,"Horror, Mystery",6.5,"A story about american story 387, filled with memorable characters, challenges, and unexpected events.",54,Director 32,Actor 22,Actor 3,Actor 294,Actor 306,56767,"594,442,064"
,Secret World 388,1990,PG,124 min,"Comedy, Drama",9.1,"A story about secret world 388, filled with memorable characters, challenges, and unexpected events.",86,Director 218,Actor 263,Actor 73,Actor 83,Actor 95,1452218,"227,450,811"
,Beyond War 389,1952,R,108 min,"Action, Crime, Drama",6.6,"A story about beyond war 389, filled with memorable characters, challenges, and unexpected events.",80,Director 19,Actor 149,Actor 344,Actor 35,Actor 129,2312048,"495,379,737"
,Silent River 390,2012,R,206 min,"Drama, Romance",7.9,"A story about silent river 390, filled with memorable characters, challenges, and unexpected events.",86,Director 61,Actor 52,Actor 146,Actor 318,Actor 36,1507946,"137,769,962"
,Lost Future 391,1982,PG-13,163 min,Drama,7.5,"A story about lost future 391, filled with memorable characters, challenges, and unexpected events.",81,Director 94,Actor 414,Actor 162,Actor 491,Actor 220,2460186,"163,732,841"
,Golden Journey 392,1960,UA,113 min,"Romance, Drama",6.8,"A story about golden journey 392, filled with memorable characters, challenges, and unexpected events.",88,Director 188,Actor 170,Actor 450,Actor 246,Actor 237,1170479,"386,095,156"
,Infinite Memory 393,2019,PG-13,155 min,"Adventure, Drama",7.0,"A story about infinite memory 393, filled with memorable characters, challenges, and unexpected events.",50,Director 216,Actor 144,Actor 440,Actor 424,Actor 72,747233,"693,255,758"
,American River 394,1953,PG-13,165 min,"Action, Sci-Fi",8.4,"A story about american river 394, filled with memorable characters, challenges, and unexpected events.",85,Director 8,Actor 417,Actor 298,Actor 297,Actor 208,326250,"20,104,122"
,Little River 395,1924,UA,154 min,"War, Drama",7.8,"A story about little river 395, filled with memorable characters, challenges, and unexpected events.",68,Director 101,Actor 115,Actor 457,Actor 396,Actor 302,1990147,"702,228,517"
,Broken Shadow 396,1979,U,96 min,"Mystery, Thriller",7.7,"A story about broken shadow 396, filled with memorable characters, challenges, and unexpected events.",87,Director 62,Actor 435,Actor 494,Actor 413,Actor 315,1536162,"539,298,004"
,Golden Destiny 397,1937,U,107 min,"Animation, Adventure, Family",7.5,"A story about golden destiny 397, filled with memorable characters, challenges, and unexpected events.",59,Director 195,Actor 250,Actor 119,Actor 33,Actor 136,2037960,"385,353,781"
,Rising Mountain 398,1925,PG,151 min,"Horror, Mystery",8.2,"A story about rising mountain 398, filled with memorable characters, challenges, and unexpected events.",47,Director 11,Actor 333,Actor 166,Actor 53,Actor 361,1637780,"504,408,858"
,Beautiful Empire 399,2014,PG,154 min,"Biography, Drama",6.9,"A story about beautiful empire 399, filled with memorable characters, challenges, and unexpected events.",68,Director 151,Actor 335,Actor 460,Actor 428,Actor 40,1589824,"701,978,526"
,Beautiful Empire 400,1968,A,113 min,"Fantasy, Adventure",9.2,"A story about beautiful empire 400, filled with memorable characters, challenges, and unexpected events.",76,Director 203,Actor 247,Actor 455,Actor 310,Actor 4,1712225,"379,021,345"
,Beautiful Shadow 401,1976,UA,94 min,"Fantasy, Adventure",6.5,"A story about beautiful shadow 401, filled with memorable characters, challenges, and unexpected events.",56,Director 41,Actor 186,Actor 309,Actor 368,Actor 419,1187800,"227,214,760"
,Silent Mountain 402,1973,PG,177 min,"Adventure, Drama",8.7,"A story about silent mountain 402, filled with memorable characters, challenges, and unexpected events.",75,Director 54,Actor 303,Actor 83,Actor 332,Actor 427,2029627,"725,122,076"
,Forgotten Journey 403,1951,PG-13,158 min,"Biography, Drama",6.1,"A story about forgotten journey 403, filled with memorable characters, challenges, and unexpected events.",47,Director 229,Actor 294,Actor 76,Actor 29,Actor 86,575073,"676,063,880"
,Midnight Legacy 404,1986,UA,161 min,"Action, Adventure",9.2,"A story about midnight legacy 404, filled with memorable characters, challenges, and unexpected events.",73,Director 156,Actor 242,Actor 445,Actor 247,Actor 88,1198894,"92,171,758"
,Beyond Hope 405,1996,UA,159 min,"Biography, Drama",6.5,"A story about beyond hope 405, filled with memorable characters, challenges, and unexpected events.",91,Director 176,Actor 176,Actor 473,Actor 233,Actor 306,2152471,"284,126,939"
,Little Kingdom 406,1949,PG-13,101 min,"Adventure, Drama",7.2,"A story about little kingdom 406, filled with memorable characters, challenges, and unexpected events.",100,Director 233,Actor 259,Actor 351,Actor 215,Actor 424,79468,"217,370,101"
,Dark War 407,1932,U,200 min,"Action, Crime, Drama",6.6,"A story about dark war 407, filled with memorable characters, challenges, and unexpected events.",50,Director 124,Actor 338,Actor 67,Actor 462,Actor 309,2238978,"540,545,621"
,American Journey 408,2019,U,140 min,"Fantasy, Adventure",8.2,"A story about american journey 408, filled with memorable characters, challenges, and unexpected events.",89,Director 136,Actor 220,Actor 118,Actor 481,Actor 411,1774476,"397,789,759"
,Crimson Victory 409,1964,A,179 min,"Adventure, Drama",7.9,"A story about crimson victory 409, filled with memorable characters, challenges, and unexpected events.",75,Director 197,Actor 120,Actor 466,Actor 440,Actor 43,1794631,"143,855,891"
,Broken War 410,1989,PG-13,109 min,"Action, Adventure",7.3,"A story about broken war 410, filled with memorable characters, challenges, and unexpected events.",52,Director 134,Actor 4,Actor 193,Actor 336,Actor 106,39838,"620,708,968"
,Falling Hope 411,1966,PG,139 min,"Crime, Drama",6.4,"A story about falling hope 411, filled with memorable characters, challenges, and unexpected events.",81,Director 94,Actor 314,Actor 142,Actor 349,Actor 204,1105983,"575,738,242"
,Lost Hope 412,1990,PG-13,146 min,"Biography, Drama",8.6,"A story about lost hope 412, filled with memorable characters, challenges, and unexpected events.",75,Director 65,Actor 158,Actor 296,Actor 177,Actor 397,1562785,"600,422,425"
,Secret Shadow 413,2004,UA,114 min,"Sci-Fi, Adventure",6.4,"A story about secret shadow 413, filled with memorable characters, challenges, and unexpected events.",77,Director 103,Actor 403,Actor 174,Actor 411,Actor 282,688617,"107,773,349"
,Great Promise 414,1940,UA,166 min,"Action, Adventure",7.3,"A story about great promise 414, filled with memorable characters, challenges, and unexpected events.",75,Director 238,Actor 308,Actor 223,Actor 46,Actor 33,392053,"884,063,824"
,Midnight Mountain 415,1967,R,89 min,"Mystery, Thriller",6.3,"A story about midnight mountain 415, filled with memorable characters, challenges, and unexpected events.",78,Director 74,Actor 365,Actor 494,Actor 306,Actor 30,1690426,"659,340,529"
,Golden Truth 416,1976,U,193 min,"Fantasy, Adventure",6.0,"A story about golden truth 416, filled with memorable characters, challenges, and unexpected events.",95,Director 154,Actor 262,Actor 265,Actor 358,Actor 119,1209598,"209,207,461"
,Great Legacy 417,2006,A,115 min,"Action, Adventure",6.1,"A story about great legacy 417, filled with memorable characters, challenges, and unexpected events.",94,Director 103,Actor 181,Actor 343,Actor 203,Actor 208,670371,"93,346,752"
,Little River 418,1986,A,175 min,"Action, Sci-Fi",6.1,"A story about little river 418, filled with memorable characters, challenges, and unexpected events.",91,Director 213,Actor 287,Actor 469,Actor 299,Actor 179,388183,"590,220,616"
,Rising Empire 419,1948,U,109 min,"Sci-Fi, Adventure",8.0,"A story about rising empire 419, filled with memorable characters, challenges, and unexpected events.",61,Director 45,Actor 209,Actor 260,Actor 55,Actor 287,1704316,"617,401,394"
,Hidden Destiny 420,1957,PG-13,99 min,"Fantasy, Adventure",7.1,"A story about hidden destiny 420, filled with memorable characters, challenges, and unexpected events.",61,Director 178,Actor 227,Actor 495,Actor 194,Actor 289,1090844,"577,669,362"
,Crimson Mountain 421,2016,U,184 min,"Sci-Fi, Adventure",7.1,"A story about crimson mountain 421, filled with memorable characters, challenges, and unexpected events.",75,Director 30,Actor 133,Actor 35,Actor 196,Actor 325,1942401,"630,200,172"
,Beyond Mountain 422,1960,R,130 min,"Fantasy, Adventure",7.4,"A story about beyond mountain 422, filled with memorable characters, challenges, and unexpected events.",98,Director 68,Actor 128,Actor 148,Actor 48,Actor 205,2256686,"10,540,194"
,Falling Kingdom 423,1990,PG-13,145 min,"Drama, Romance",9.1,"A story about falling kingdom 423, filled with memorable characters, challenges, and unexpected events.",62,Director 47,Actor 485,Actor 383,Actor 350,Actor 477,1492845,"234,783,594"
,Lost Truth 424,2014,UA,179 min,"Comedy, Romance",6.7,"A story about lost truth 424, filled with memorable characters, challenges, and unexpected events.",57,Director 214,Actor 128,Actor 429,Actor 317,Actor 183,1123190,"222,126,871"
,Dark Dream 425,1935,PG-13,171 min,"Thriller, Mystery",9.0,"A story about dark dream 425, filled with memorable characters, challenges, and unexpected events.",47,Director 218,Actor 247,Actor 191,Actor 318,Actor 162,37781,"820,700,973"
,Crimson Heart 426,1955,UA,182 min,"Fantasy, Adventure",7.6,"A story about crimson heart 426, filled with memorable characters, challenges, and unexpected events.",93,Director 148,Actor 66,Actor 28,Actor 270,Actor 410,1185523,"427,319,856"
,Forgotten Truth 427,1989,U,129 min,"Mystery, Thriller",6.1,"A story about forgotten truth 427, filled with memorable characters, challenges, and unexpected events.",89,Director 133,Actor 236,Actor 162,Actor 353,Actor 5,743165,"491,010,502"
,The Last River 428,1968,PG-13,126 min,"Horror, Mystery",7.9,"A story about the last river 428, filled with memorable characters, challenges, and unexpected events.",61,Director 61,Actor 138,Actor 242,Actor 491,Actor 314,1099263,"201,053,401"
,Falling Memory 429,1943,PG,111 min,"Romance, Drama",7.6,"A story about falling memory 429, filled with memorable characters, challenges, and unexpected events.",62,Director 116,Actor 93,Actor 293,Actor 68,Actor 295,1571579,"392,099,503"
,Beyond Dream 430,2012,UA,115 min,"War, Drama",6.9,"A story about beyond dream 430, filled with memorable characters, challenges, and unexpected events.",54,Director 205,Actor 492,Actor 379,Actor 77,Actor 243,1822856,"409,070,423"
,The Last Legacy 431,1973,A,199 min,"Fantasy, Adventure",7.6,"A story about the last legacy 431, filled with memorable characters, challenges, and unexpected events.",95,Director 125,Actor 154,Actor 129,Actor 288,Actor 440,2249685,"773,795,765"
,Little Promise 432,1970,A,105 min,"Action, Crime, Drama",6.3,"A story about little promise 432, filled with memorable characters, challenges, and unexpected events.",75,Director 215,Actor 323,Actor 50,Actor 231,Actor 382,913735,"873,930,502"
,Falling Empire 433,1966,PG,156 min,"Crime, Drama",7.2,"A story about falling empire 433, filled with memorable characters, challenges, and unexpected events.",52,Director 90,Actor 445,Actor 348,Actor 494,Actor 311,1453428,"21,398,026"
,Lost Heart 434,1993,A,153 min,"Biography, Drama",8.1,"A story about lost heart 434, filled with memorable characters, challenges, and unexpected events.",88,Director 131,Actor 250,Actor 397,Actor 378,Actor 229,1203735,"381,395,430"
,Hidden Victory 435,1998,A,165 min,"Animation, Adventure, Family",6.9,"A story about hidden victory 435, filled with memorable characters, challenges, and unexpected events.",71,Director 162,Actor 314,Actor 293,Actor 208,Actor 435,712862,"687,918,236"
,Hidden Kingdom 436,1940,A,125 min,"Drama, Romance",7.1,"A story about hidden kingdom 436, filled with memorable characters, challenges, and unexpected events.",83,Director 166,Actor 203,Actor 139,Actor 455,Actor 228,1232037,"762,922,145"
,Rising Heart 437,1986,UA,137 min,"Biography, Drama",9.2,"A story about rising heart 437, filled with memorable characters, challenges, and unexpected events.",91,Director 61,Actor 339,Actor 129,Actor 482,Actor 381,781274,"24,904,609"
,Hidden River 438,1941,U,97 min,"Action, Sci-Fi",7.3,"A story about hidden river 438, filled with memorable characters, challenges, and unexpected events.",46,Director 198,Actor 204,Actor 269,Actor 392,Actor 43,1994685,"588,976,249"
,Silent Empire 439,1999,UA,168 min,"Mystery, Thriller",6.5,"A story about silent empire 439, filled with memorable characters, challenges, and unexpected events.",92,Director 73,Actor 227,Actor 321,Actor 65,Actor 68,1307594,"246,369,087"
,Beautiful Legacy 440,1923,PG-13,130 min,"Drama, Romance",6.1,"A story about beautiful legacy 440, filled with memorable characters, challenges, and unexpected events.",62,Director 141,Actor 228,Actor 70,Actor 497,Actor 486,2007137,"501,745,174"
,American Legacy 441,1995,R,165 min,"Romance, Drama",8.0,"A story about american legacy 441, filled with memorable characters, challenges, and unexpected events.",79,Director 80,Actor 466,Actor 178,Actor 247,Actor 277,2205549,"687,065,530"
,Beyond Kingdom 442,1976,U,137 min,"Crime, Drama",7.0,"A story about beyond kingdom 442, filled with memorable characters, challenges, and unexpected events.",45,Director 134,Actor 418,Actor 389,Actor 435,Actor 70,663126,"326,058,941"
,Rising Story 443,1980,U,173 min,"Thriller, Mystery",7.8,"A story about rising story 443, filled with memorable characters, challenges, and unexpected events.",94,Director 111,Actor 409,Actor 150,Actor 306,Actor 119,2010964,"321,804,344"
,The Last World 444,1967,UA,197 min,"War, Drama",6.6,"A story about the last world 444, filled with memorable characters, challenges, and unexpected events.",55,Director 184,Actor 378,Actor 331,Actor 200,Actor 425,1843356,"423,961,817"
,Secret Mountain 445,1953,PG-13,165 min,"Comedy, Romance",6.3,"A story about secret mountain 445, filled with memorable characters, challenges, and unexpected events.",96,Director 178,Actor 351,Actor 140,Actor 146,Actor 333,2176819,"821,016,739"
,American Empire 446,1972,U,93 min,"Biography, Drama",6.6,"A story about american empire 446, filled with memorable characters, challenges, and unexpected events.",85,Director 117,Actor 317,Actor 232,Actor 140,Actor 359,583042,"311,050,586"
,Great Truth 447,1944,UA,104 min,"Action, Crime, Drama",7.1,"A story about great truth 447, filled with memorable characters, challenges, and unexpected events.",51,Director 73,Actor 138,Actor 65,Actor 367,Actor 225,2253829,"23,862,858"
,The Last Mountain 448,1931,A,148 min,"Comedy, Drama",6.5,"A story about the last mountain 448, filled with memorable characters, challenges, and unexpected events.",95,Director 205,Actor 256,Actor 191,Actor 238,Actor 357,1444086,"451,332,519"
,A New Future 449,1930,PG,206 min,"Animation, Adventure, Family",8.8,"A story about a new future 449, filled with memorable characters, challenges, and unexpected events.",49,Director 140,Actor 241,Actor 93,Actor 99,Actor 459,245041,"286,256,035"
,Midnight Victory 450,1921,PG,183 min,"Comedy, Romance",6.4,"A story about midnight victory 450, filled with memorable characters, challenges, and unexpected events.",60,Director 189,Actor 18,Actor 102,Actor 236,Actor 377,1623959,"828,196,889"
,Silent Destiny 451,2005,UA,145 min,"Mystery, Thriller",9.2,"A story about silent destiny 451, filled with memorable characters, challenges, and unexpected events.",85,Director 187,Actor 22,Actor 382,Actor 480,Actor 282,1319081,"346,986,458"
,Beautiful Dream 452,1952,R,123 min,"Comedy, Drama",7.6,"A story about beautiful dream 452, filled with memorable characters, challenges, and unexpected events.",58,Director 250,Actor 58,Actor 121,Actor 325,Actor 223,1521738,"56,028,537"
,Falling Journey 453,1941,UA,159 min,"Adventure, Drama",8.6,"A story about falling journey 453, filled with memorable characters, challenges, and unexpected events.",45,Director 249,Actor 22,Actor 298,Actor 402,Actor 354,1670140,"847,436,680"
,Crimson War 454,1939,U,96 min,"Comedy, Romance",7.2,"A story about crimson war 454, filled with memorable characters, challenges, and unexpected events.",88,Director 159,Actor 174,Actor 477,Actor 497,Actor 389,671435,"536,884,164"
,A New Promise 455,1965,PG,174 min,"War, Drama",8.1,"A story about a new promise 455, filled with memorable characters, challenges, and unexpected events.",59,Director 82,Actor 286,Actor 404,Actor 331,Actor 388,460433,"135,206,204"
,Rising Adventure 456,2013,UA,173 min,"Mystery, Thriller",6.6,"A story about rising adventure 456, filled with memorable characters, challenges, and unexpected events.",61,Director 231,Actor 21,Actor 249,Actor 362,Actor 225,1512263,"777,917,678"
,American Story 457,1989,A,109 min,"Biography, Drama",8.3,"A story about american story 457, filled with memorable characters, challenges, and unexpected events.",91,Director 120,Actor 141,Actor 445,Actor 426,Actor 307,2290109,"373,402,105"
,American Legacy 458,1928,A,142 min,Drama,7.8,"A story about american legacy 458, filled with memorable characters, challenges, and unexpected events.",74,Director 1,Actor 398,Actor 327,Actor 260,Actor 195,1114566,"581,644,961"
,Golden Journey 459,1999,U,184 min,"Comedy, Romance",8.8,"A story about golden journey 459, filled with memorable characters, challenges, and unexpected events.",87,Director 248,Actor 276,Actor 420,Actor 199,Actor 98,1355088,"774,271,682"
,Beautiful Truth 460,2018,R,163 min,Drama,7.8,"A story about beautiful truth 460, filled with memorable characters, challenges, and unexpected events.",65,Director 29,Actor 50,Actor 268,Actor 338,Actor 35,1363082,"440,124,260"
,A New Shadow 461,1942,U,110 min,"Adventure, Drama",8.9,"A story about a new shadow 461, filled with memorable characters, challenges, and unexpected events.",47,Director 147,Actor 329,Actor 429,Actor 199,Actor 337,2045790,"205,846,804"
,Crimson Destiny 462,1999,PG-13,117 min,"Action, Crime, Drama",8.3,"A story about crimson destiny 462, filled with memorable characters, challenges, and unexpected events.",90,Director 19,Actor 7,Actor 477,Actor 472,Actor 107,1546600,"237,099,287"
,Crimson Kingdom 463,1979,PG,92 min,"Horror, Mystery",8.6,"A story about crimson kingdom 463, filled with memorable characters, challenges, and unexpected events.",97,Director 95,Actor 407,Actor 363,Actor 30,Actor 422,2350505,"798,402,819"
,Great Empire 464,1987,PG-13,94 min,Drama,6.1,"A story about great empire 464, filled with memorable characters, challenges, and unexpected events.",51,Director 26,Actor 372,Actor 119,Actor 273,Actor 198,336884,"231,920,924"
,Lost River 465,1987,PG-13,157 min,"Biography, Drama",8.2,"A story about lost river 465, filled with memorable characters, challenges, and unexpected events.",71,Director 192,Actor 55,Actor 393,Actor 327,Actor 296,2352197,"804,541,314"
,Rising Adventure 466,2009,UA,198 min,"Adventure, Drama",8.2,"A story about rising adventure 466, filled with memorable characters, challenges, and unexpected events.",80,Director 103,Actor 259,Actor 173,Actor 337,Actor 81,709648,"850,999,166"
,American War 467,1976,A,200 min,"Drama, Romance",9.1,"A story about american war 467, filled with memorable characters, challenges, and unexpected events.",71,Director 196,Actor 325,Actor 221,Actor 423,Actor 372,2317208,"348,694,692"
,Falling War 468,1950,A,112 min,"Mystery, Thriller",7.9,"A story about falling war 468, filled with memorable characters, challenges, and unexpected events.",68,Director 247,Actor 232,Actor 230,Actor 492,Actor 204,2317868,"799,584,915"
,The Last Promise 469,1956,A,151 min,"Animation, Adventure, Family",8.0,"A story about the last promise 469, filled with memorable characters, challenges, and unexpected events.",59,Director 55,Actor 439,Actor 162,Actor 12,Actor 396,1276015,"7,153,228"
,Midnight World 470,1985,PG,203 min,"Animation, Adventure, Family",7.8,"A story about midnight world 470, filled with memorable characters, challenges, and unexpected events.",67,Director 40,Actor 71,Actor 136,Actor 188,Actor 456,405468,"40,619,046"
,Little Mountain 471,1949,PG-13,123 min,"Action, Sci-Fi",6.8,"A story about little mountain 471, filled with memorable characters, challenges, and unexpected events.",58,Director 188,Actor 40,Actor 371,Actor 167,Actor 406,2402796,"429,380,096"
,Crimson Legacy 472,1982,R,173 min,"Adventure, Drama",8.7,"A story about crimson legacy 472, filled with memorable characters, challenges, and unexpected events.",96,Director 148,Actor 196,Actor 41,Actor 400,Actor 29,1269940,"40,227,441"
,Falling Memory 473,1975,R,196 min,"Adventure, Drama",7.4,"A story about falling memory 473, filled with memorable characters, challenges, and unexpected events.",99,Director 155,Actor 476,Actor 6,Actor 325,Actor 399,960922,"802,913,840"
,Secret Promise 474,1959,A,125 min,"War, Drama",7.7,"A story about secret promise 474, filled with memorable characters, challenges, and unexpected events.",77,Director 179,Actor 114,Actor 79,Actor 26,Actor 345,2379416,"160,710,323"
,Secret Adventure 475,2016,A,149 min,"Action, Sci-Fi",8.0,"A story about secret adventure 475, filled with memorable characters, challenges, and unexpected events.",95,Director 101,Actor 76,Actor 68,Actor 173,Actor 43,941494,"463,887,397"
,Crimson Heart 476,2015,PG-13,136 min,"Crime, Drama",6.2,"A story about crimson heart 476, filled with memorable characters, challenges, and unexpected events.",72,Director 199,Actor 358,Actor 67,Actor 391,Actor 70,366847,"428,015,151"
,Crimson World 477,1945,R,168 min,"Comedy, Drama",7.6,"A story about crimson world 477, filled with memorable characters, challenges, and unexpected events.",78,Director 64,Actor 125,Actor 37,Actor 137,Actor 398,2363707,"661,521,566"
,Forgotten Future 478,2007,A,96 min,"Adventure, Drama",9.0,"A story about forgotten future 478, filled with memorable characters, challenges, and unexpected events.",67,Director 49,Actor 165,Actor 177,Actor 305,Actor 336,1744688,"454,873,258"
,The Last Story 479,1941,U,163 min,"Sci-Fi, Adventure",9.3,"A story about the last story 479, filled with memorable characters, challenges, and unexpected events.",97,Director 60,Actor 103,Actor 351,Actor 192,Actor 80,621607,"473,044,000"
,Hidden Dream 480,2014,A,206 min,"Animation, Adventure, Family",6.2,"A story about hidden dream 480, filled with memorable characters, challenges, and unexpected events.",89,Director 206,Actor 57,Actor 157,Actor 231,Actor 242,1216638,"14,846,008"
,The Last Future 481,1946,A,112 min,"Comedy, Drama",8.4,"A story about the last future 481, filled with memorable characters, challenges, and unexpected events.",80,Director 124,Actor 319,Actor 374,Actor 73,Actor 356,2301869,"561,952,456"
,The Last Victory 482,1994,U,152 min,"Action, Crime, Drama",9.0,"A story about the last victory 482, filled with memorable characters, challenges, and unexpected events.",63,Director 52,Actor 405,Actor 357,Actor 317,Actor 139,1081461,"182,979,331"
,A New Adventure 483,2003,R,93 min,"Mystery, Thriller",9.1,"A story about a new adventure 483, filled with memorable characters, challenges, and unexpected events.",68,Director 222,Actor 56,Actor 10,Actor 150,Actor 445,1147958,"711,971,111"
,Secret Mountain 484,1968,PG-13,175 min,"Adventure, Drama",7.7,"A story about secret mountain 484, filled with memorable characters, challenges, and unexpected events.",79,Director 23,Actor 96,Actor 102,Actor 257,Actor 495,1333118,"520,502,022"
,Infinite World 485,2011,PG,116 min,"Fantasy, Adventure",6.1,"A story about infinite world 485, filled with memorable characters, challenges, and unexpected events.",70,Director 191,Actor 81,Actor 10,Actor 178,Actor 351,1288958,"358,267,668"
,Rising Memory 486,2000,U,210 min,"Fantasy, Adventure",7.0,"A story about rising memory 486, filled with memorable characters, challenges, and unexpected events.",85,Director 66,Actor 450,Actor 199,Actor 456,Actor 418,1167117,"871,863,327"
,The Last World 487,1955,R,128 min,"Mystery, Thriller",6.7,"A story about the last world 487, filled with memorable characters, challenges, and unexpected events.",69,Director 134,Actor 492,Actor 348,Actor 314,Actor 447,585713,"94,369,176"
,Beyond Hope 488,1950,PG-13,139 min,Drama,7.9,"A story about beyond hope 488, filled with memorable characters, challenges, and unexpected events.",53,Director 53,Actor 335,Actor 71,Actor 298,Actor 278,1391120,"482,391,740"
,Lost Shadow 489,1959,UA,200 min,"Fantasy, Adventure",8.3,"A story about lost shadow 489, filled with memorable characters, challenges, and unexpected events.",86,Director 239,Actor 290,Actor 470,Actor 81,Actor 163,577290,"461,878,017"
,Hidden World 490,1988,R,100 min,"Biography, Drama",9.1,"A story about hidden world 490, filled with memorable characters, challenges, and unexpected events.",46,Director 196,Actor 164,Actor 451,Actor 499,Actor 212,1342100,"156,353,951"
,Forgotten Story 491,1976,UA,190 min,"Crime, Drama",8.5,"A story about forgotten story 491, filled with memorable characters, challenges, and unexpected events.",51,Director 34,Actor 95,Actor 14,Actor 391,Actor 314,647354,"836,660,721"
,Great Empire 492,1997,U,114 min,"Comedy, Romance",7.9,"A story about great empire 492, filled with memorable characters, challenges, and unexpected events.",67,Director 21,Actor 353,Actor 400,Actor 245,Actor 69,978516,"738,166,391"
,Beautiful War 493,1980,PG,132 min,"Biography, Drama",8.3,"A story about beautiful war 493, filled with memorable characters, challenges, and unexpected events.",53,Director 42,Actor 99,Actor 116,Actor 17,Actor 210,1635126,"527,785,695"
,The Last Empire 494,1972,UA,170 min,"Comedy, Drama",6.7,"A story about the last empire 494, filled with memorable characters, challenges, and unexpected events.",73,Director 222,Actor 316,Actor 251,Actor 353,Actor 167,867995,"71,113,341"
,Infinite Mountain 495,1974,PG-13,90 min,"Mystery, Thriller",7.3,"A story about infinite mountain 495, filled with memorable characters, challenges, and unexpected events.",92,Director 147,Actor 305,Actor 275,Actor 269,Actor 329,1322387,"423,316,102"
,A New Destiny 496,1933,PG-13,190 min,"Action, Crime, Drama",7.5,"A story about a new destiny 496, filled with memorable characters, challenges, and unexpected events.",70,Director 189,Actor 21,Actor 286,Actor 199,Actor 265,1040631,"557,052,733"
,A New River 497,1957,UA,198 min,Drama,7.5,"A story about a new river 497, filled with memorable characters, challenges, and unexpected events.",72,Director 76,Actor 314,Actor 471,Actor 28,Actor 354,1209212,"495,467,749"
,Beautiful Shadow 498,1979,UA,142 min,"Action, Sci-Fi",8.7,"A story about beautiful shadow 498, filled with memorable characters, challenges, and unexpected events.",94,Director 150,Actor 481,Actor 458,Actor 357,Actor 280,2109910,"121,617,071"
,Dark Victory 499,1972,R,88 min,"Biography, Drama",7.1,"A story about dark victory 499, filled with memorable characters, challenges, and unexpected events.",57,Director 226,Actor 233,Actor 47,Actor 129,Actor 166,1912874,"633,946,414"
,Golden Dream 500,1931,R,142 min,"Horror, Mystery",6.4,"A story about golden dream 500, filled with memorable characters, challenges, and unexpected events.",69,Director 187,Actor 406,Actor 500,Actor 262,Actor 314,367801,"562,544,547"
,Golden Victory 501,1990,R,183 min,"Biography, Drama",7.3,"A story about golden victory 501, filled with memorable characters, challenges, and unexpected events.",100,Director 39,Actor 84,Actor 445,Actor 75,Actor 92,1415901,"607,291,953"
,A New Hope 502,1959,UA,183 min,"Sci-Fi, Adventure",7.0,"A story about a new hope 502, filled with memorable characters, challenges, and unexpected events.",52,Director 231,Actor 68,Actor 492,Actor 104,Actor 2,1221233,"672,748,626"
,Great Empire 503,1921,U,194 min,"Thriller, Mystery",7.5,"A story about great empire 503, filled with memorable characters, challenges, and unexpected events.",83,Director 226,Actor 253,Actor 122,Actor 112,Actor 302,2289609,"867,097,739"
,Crimson Adventure 504,1972,A,161 min,"Action, Adventure",7.5,"A story about crimson adventure 504, filled with memorable characters, challenges, and unexpected events.",84,Director 161,Actor 286,Actor 420,Actor 423,Actor 107,1036401,"587,803,577"
,A New Legacy 505,1938,R,129 min,"Action, Crime, Drama",6.2,"A story about a new legacy 505, filled with memorable characters, challenges, and unexpected events.",81,Director 215,Actor 309,Actor 153,Actor 170,Actor 472,619744,"34,923,688"
,Hidden Promise 506,1933,R,107 min,"Biography, Drama",7.4,"A story about hidden promise 506, filled with memorable characters, challenges, and unexpected events.",89,Director 180,Actor 305,Actor 294,Actor 404,Actor 288,1202778,"656,252,630"
,Golden Adventure 507,2015,A,204 min,"Action, Crime, Drama",7.9,"A story about golden adventure 507, filled with memorable characters, challenges, and unexpected events.",65,Director 95,Actor 460,Actor 195,Actor 420,Actor 35,400599,"825,283,459"
,Forgotten World 508,1928,PG-13,102 min,"Adventure, Drama",7.0,"A story about forgotten world 508, filled with memorable characters, challenges, and unexpected events.",71,Director 135,Actor 108,Actor 357,Actor 108,Actor 314,1160994,"353,584,964"
,A New Dream 509,1993,R,165 min,"Fantasy, Adventure",8.4,"A story about a new dream 509, filled with memorable characters, challenges, and unexpected events.",89,Director 155,Actor 479,Actor 404,Actor 362,Actor 148,377713,"519,429,173"
,Forgotten War 510,1960,PG-13,158 min,"Horror, Mystery",6.9,"A story about forgotten war 510, filled with memorable characters, challenges, and unexpected events.",76,Director 134,Actor 374,Actor 324,Actor 255,Actor 253,554056,"659,688,843"
,Golden War 511,1949,U,210 min,"Comedy, Drama",8.3,"A story about golden war 511, filled with memorable characters, challenges, and unexpected events.",74,Director 161,Actor 408,Actor 61,Actor 378,Actor 435,16630,"127,023,950"
,Lost War 512,1973,R,127 min,"Horror, Mystery",7.4,"A story about lost war 512, filled with memorable characters, challenges, and unexpected events.",58,Director 3,Actor 328,Actor 104,Actor 354,Actor 145,2360552,"865,582,632"
,Midnight Kingdom 513,1959,R,155 min,"Drama, Romance",7.0,"A story about midnight kingdom 513, filled with memorable characters, challenges, and unexpected events.",66,Director 88,Actor 203,Actor 371,Actor 292,Actor 316,35716,"122,331,288"
,The Last Legacy 514,1944,U,128 min,"Thriller, Mystery",7.1,"A story about the last legacy 514, filled with memorable characters, challenges, and unexpected events.",86,Director 35,Actor 247,Actor 80,Actor 322,Actor 236,2000199,"856,145,379"
,American Future 515,1979,PG-13,137 min,"Action, Crime, Drama",8.6,"A story about american future 515, filled with memorable characters, challenges, and unexpected events.",91,Director 174,Actor 162,Actor 285,Actor 275,Actor 10,2195539,"321,517,903"
,Lost Heart 516,2007,A,202 min,"Horror, Mystery",7.1,"A story about lost heart 516, filled with memorable characters, challenges, and unexpected events.",98,Director 8,Actor 174,Actor 193,Actor 321,Actor 274,287717,"160,414,927"
,Golden Heart 517,1997,A,161 min,"Adventure, Drama",7.3,"A story about golden heart 517, filled with memorable characters, challenges, and unexpected events.",90,Director 9,Actor 140,Actor 212,Actor 45,Actor 255,1303025,"757,373,798"
,Beyond Memory 518,1977,UA,123 min,"Comedy, Drama",8.7,"A story about beyond memory 518, filled with memorable characters, challenges, and unexpected events.",52,Director 96,Actor 402,Actor 20,Actor 399,Actor 104,2212430,"324,711,800"
,Hidden Adventure 519,1984,A,146 min,"Fantasy, Adventure",6.1,"A story about hidden adventure 519, filled with memorable characters, challenges, and unexpected events.",75,Director 188,Actor 448,Actor 269,Actor 159,Actor 398,656249,"204,338,238"
,Falling Shadow 520,2018,R,190 min,"Fantasy, Adventure",8.9,"A story about falling shadow 520, filled with memorable characters, challenges, and unexpected events.",47,Director 118,Actor 199,Actor 366,Actor 443,Actor 268,566656,"220,417,979"
,Silent Journey 521,1959,U,172 min,"Action, Sci-Fi",9.1,"A story about silent journey 521, filled with memorable characters, challenges, and unexpected events.",51,Director 134,Actor 393,Actor 338,Actor 382,Actor 160,1407918,"501,404,182"
,The Last Heart 522,2017,UA,199 min,"Comedy, Drama",7.0,"A story about the last heart 522, filled with memorable characters, challenges, and unexpected events.",63,Director 71,Actor 273,Actor 164,Actor 396,Actor 226,1355869,"215,444,841"
,Silent Empire 523,1939,U,99 min,"Action, Adventure",6.5,"A story about silent empire 523, filled with memorable characters, challenges, and unexpected events.",58,Director 139,Actor 180,Actor 282,Actor 164,Actor 139,2357240,"552,068,433"
,Dark Story 524,1993,PG,94 min,Drama,6.8,"A story about dark story 524, filled with memorable characters, challenges, and unexpected events.",48,Director 34,Actor 15,Actor 242,Actor 463,Actor 346,1430773,"580,540,242"
,A New Dream 525,1969,PG-13,139 min,"Mystery, Thriller",6.2,"A story about a new dream 525, filled with memorable characters, challenges, and unexpected events.",82,Director 162,Actor 429,Actor 354,Actor 359,Actor 229,760709,"756,741,801"
,Great Memory 526,1959,PG,110 min,"War, Drama",7.1,"A story about great memory 526, filled with memorable characters, challenges, and unexpected events.",81,Director 34,Actor 48,Actor 417,Actor 411,Actor 471,339444,"811,572,797"
,Infinite Dream 527,1978,UA,167 min,"Sci-Fi, Adventure",7.0,"A story about infinite dream 527, filled with memorable characters, challenges, and unexpected events.",54,Director 221,Actor 459,Actor 316,Actor 133,Actor 468,1983612,"248,879,766"
,Rising Victory 528,1943,PG,170 min,"Drama, Romance",8.3,"A story about rising victory 528, filled with memorable characters, challenges, and unexpected events.",46,Director 17,Actor 244,Actor 58,Actor 180,Actor 246,1372146,"486,808,987"
,Infinite Legacy 529,1956,PG,162 min,"Animation, Adventure, Family",8.5,"A story about infinite legacy 529, filled with memorable characters, challenges, and unexpected events.",97,Director 183,Actor 408,Actor 55,Actor 167,Actor 285,2140495,"110,622,618"
,Hidden Story 530,1988,UA,160 min,"Romance, Drama",7.5,"A story about hidden story 530, filled with memorable characters, challenges, and unexpected events.",80,Director 41,Actor 499,Actor 247,Actor 197,Actor 34,1010657,"666,759,283"
,Falling River 531,2008,A,185 min,"Romance, Drama",8.0,"A story about falling river 531, filled with memorable characters, challenges, and unexpected events.",79,Director 178,Actor 121,Actor 89,Actor 340,Actor 343,2389056,"845,485,686"
,Hidden Heart 532,1982,U,161 min,"Sci-Fi, Adventure",6.4,"A story about hidden heart 532, filled with memorable characters, challenges, and unexpected events.",97,Director 114,Actor 91,Actor 158,Actor 490,Actor 208,1374734,"596,120,884"
,Hidden War 533,1933,R,161 min,"Mystery, Thriller",8.3,"A story about hidden war 533, filled with memorable characters, challenges, and unexpected events.",87,Director 16,Actor 47,Actor 112,Actor 419,Actor 72,1383249,"530,845,374"
,Little Journey 534,2016,PG,104 min,"Sci-Fi, Adventure",6.5,"A story about little journey 534, filled with memorable characters, challenges, and unexpected events.",84,Director 148,Actor 229,Actor 101,Actor 106,Actor 349,2238248,"313,099,235"
,Falling Story 535,1992,A,171 min,Drama,8.6,"A story about falling story 535, filled with memorable characters, challenges, and unexpected events.",50,Director 150,Actor 5,Actor 314,Actor 262,Actor 207,1833377,"770,822,451"
,Dark Story 536,1927,PG-13,155 min,"Action, Crime, Drama",7.2,"A story about dark story 536, filled with memorable characters, challenges, and unexpected events.",97,Director 92,Actor 57,Actor 441,Actor 145,Actor 444,13537,"755,320,739"
,The Last Mountain 537,1975,PG,135 min,"Drama, Romance",8.3,"A story about the last mountain 537, filled with memorable characters, challenges, and unexpected events.",72,Director 140,Actor 109,Actor 340,Actor 89,Actor 244,1615536,"436,074,242"
,Dark River 538,1991,A,203 min,"Horror, Mystery",7.3,"A story about dark river 538, filled with memorable characters, challenges, and unexpected events.",100,Director 172,Actor 65,Actor 69,Actor 6,Actor 37,1760012,"165,743,247"
,The Last Shadow 539,2012,UA,169 min,"Romance, Drama",8.9,"A story about the last shadow 539, filled with memorable characters, challenges, and unexpected events.",86,Director 207,Actor 213,Actor 441,Actor 234,Actor 458,579484,"91,006,681"
,Great Hope 540,1999,PG,150 min,"Romance, Drama",6.6,"A story about great hope 540, filled with memorable characters, challenges, and unexpected events.",69,Director 91,Actor 116,Actor 96,Actor 218,Actor 310,2325465,"880,644,989"
,The Last Heart 541,1983,PG-13,115 min,"Fantasy, Adventure",8.8,"A story about the last heart 541, filled with memorable characters, challenges, and unexpected events.",81,Director 94,Actor 18,Actor 20,Actor 291,Actor 248,1139318,"441,233,739"
,Rising Dream 542,1994,R,173 min,"Action, Sci-Fi",7.6,"A story about rising dream 542, filled with memorable characters, challenges, and unexpected events.",78,Director 220,Actor 385,Actor 399,Actor 144,Actor 239,605958,"784,130,674"
,Beautiful Kingdom 543,1986,R,96 min,"Comedy, Romance",8.9,"A story about beautiful kingdom 543, filled with memorable characters, challenges, and unexpected events.",87,Director 246,Actor 343,Actor 40,Actor 351,Actor 325,1991605,"677,269,078"
,American Heart 544,1959,U,200 min,"Drama, Romance",8.0,"A story about american heart 544, filled with memorable characters, challenges, and unexpected events.",75,Director 117,Actor 263,Actor 464,Actor 241,Actor 294,2254092,"836,037,148"
,Falling Hope 545,1965,U,187 min,Drama,9.2,"A story about falling hope 545, filled with memorable characters, challenges, and unexpected events.",89,Director 237,Actor 306,Actor 384,Actor 156,Actor 373,1223028,"179,960,527"
,Little Empire 546,1927,R,159 min,"Biography, Drama",8.1,"A story about little empire 546, filled with memorable characters, challenges, and unexpected events.",63,Director 208,Actor 378,Actor 320,Actor 14,Actor 147,2412748,"55,526,425"
,Crimson Kingdom 547,1936,PG-13,193 min,"Crime, Drama",7.7,"A story about crimson kingdom 547, filled with memorable characters, challenges, and unexpected events.",62,Director 71,Actor 440,Actor 132,Actor 8,Actor 380,1067178,"142,412,411"
,Silent War 548,1942,UA,179 min,"Animation, Adventure, Family",9.0,"A story about silent war 548, filled with memorable characters, challenges, and unexpected events.",61,Director 201,Actor 359,Actor 121,Actor 249,Actor 93,1883399,"397,134,107"
,Beautiful Promise 549,1963,PG,208 min,"Animation, Adventure, Family",9.2,"A story about beautiful promise 549, filled with memorable characters, challenges, and unexpected events.",93,Director 106,Actor 395,Actor 197,Actor 122,Actor 339,656553,"899,481,416"
,Infinite Legacy 550,1946,A,192 min,"Horror, Mystery",7.9,"A story about infinite legacy 550, filled with memorable characters, challenges, and unexpected events.",93,Director 210,Actor 60,Actor 27,Actor 86,Actor 238,237858,"689,722,604"
,Secret Truth 551,1958,R,206 min,"War, Drama",7.6,"A story about secret truth 551, filled with memorable characters, challenges, and unexpected events.",90,Director 100,Actor 243,Actor 135,Actor 75,Actor 272,990046,"407,907,998"
,Forgotten Journey 552,1956,R,142 min,"Mystery, Thriller",9.1,"A story about forgotten journey 552, filled with memorable characters, challenges, and unexpected events.",47,Director 25,Actor 470,Actor 273,Actor 327,Actor 182,1334094,"569,455,272"
,Forgotten War 553,2003,U,127 min,"Crime, Drama",8.8,"A story about forgotten war 553, filled with memorable characters, challenges, and unexpected events.",61,Director 168,Actor 300,Actor 201,Actor 237,Actor 396,1130247,"861,580,639"
,Beyond Heart 554,2018,U,128 min,"Biography, Drama",6.6,"A story about beyond heart 554, filled with memorable characters, challenges, and unexpected events.",88,Director 3,Actor 426,Actor 35,Actor 7,Actor 211,1323948,"588,094,511"
,Silent Destiny 555,1933,UA,129 min,"Comedy, Romance",8.3,"A story about silent destiny 555, filled with memorable characters, challenges, and unexpected events.",47,Director 7,Actor 318,Actor 48,Actor 30,Actor 481,1198233,"270,571,388"
,Great River 556,1996,UA,175 min,"Adventure, Drama",8.1,"A story about great river 556, filled with memorable characters, challenges, and unexpected events.",69,Director 169,Actor 392,Actor 461,Actor 332,Actor 290,372330,"649,376,419"
,Golden Dream 557,2009,PG,122 min,"Sci-Fi, Adventure",6.6,"A story about golden dream 557, filled with memorable characters, challenges, and unexpected events.",62,Director 197,Actor 219,Actor 355,Actor 463,Actor 342,327568,"685,985,348"
,Falling Empire 558,1940,A,120 min,"Action, Crime, Drama",8.6,"A story about falling empire 558, filled with memorable characters, challenges, and unexpected events.",48,Director 67,Actor 490,Actor 417,Actor 136,Actor 92,1615575,"417,345,798"
,Infinite Kingdom 559,1982,PG,110 min,"Mystery, Thriller",9.2,"A story about infinite kingdom 559, filled with memorable characters, challenges, and unexpected events.",51,Director 37,Actor 277,Actor 394,Actor 221,Actor 112,758440,"693,182,286"
,Great Dream 560,1976,PG-13,98 min,"Action, Crime, Drama",8.4,"A story about great dream 560, filled with memorable characters, challenges, and unexpected events.",91,Director 65,Actor 398,Actor 229,Actor 10,Actor 460,315846,"75,704,661"
,Crimson Shadow 561,2003,UA,204 min,"Action, Crime, Drama",8.1,"A story about crimson shadow 561, filled with memorable characters, challenges, and unexpected events.",89,Director 85,Actor 464,Actor 201,Actor 295,Actor 2,1647807,"286,183,995"
,Beautiful Truth 562,1981,U,193 min,"Action, Sci-Fi",7.4,"A story about beautiful truth 562, filled with memorable characters, challenges, and unexpected events.",69,Director 245,Actor 353,Actor 419,Actor 400,Actor 247,2275464,"242,601,204"
,Silent Heart 563,1988,U,130 min,"Drama, Romance",9.1,"A story about silent heart 563, filled with memorable characters, challenges, and unexpected events.",85,Director 246,Actor 332,Actor 47,Actor 188,Actor 274,1280153,"430,256,867"
,Falling Kingdom 564,1978,U,122 min,"Comedy, Drama",8.5,"A story about falling kingdom 564, filled with memorable characters, challenges, and unexpected events.",69,Director 170,Actor 98,Actor 154,Actor 357,Actor 200,750790,"595,463,509"
,Silent Memory 565,1982,U,165 min,"Sci-Fi, Adventure",6.3,"A story about silent memory 565, filled with memorable characters, challenges, and unexpected events.",57,Director 7,Actor 369,Actor 304,Actor 123,Actor 251,804671,"150,362,600"
,Secret Kingdom 566,1989,U,148 min,"War, Drama",8.1,"A story about secret kingdom 566, filled with memorable characters, challenges, and unexpected events.",66,Director 15,Actor 173,Actor 404,Actor 370,Actor 22,1894531,"17,729,000"
,Secret Dream 567,1947,PG-13,170 min,"Fantasy, Adventure",8.7,"A story about secret dream 567, filled with memorable characters, challenges, and unexpected events.",54,Director 190,Actor 297,Actor 120,Actor 474,Actor 37,1932544,"728,180,516"
,A New Shadow 568,1982,R,145 min,"Action, Crime, Drama",8.2,"A story about a new shadow 568, filled with memorable characters, challenges, and unexpected events.",53,Director 4,Actor 89,Actor 324,Actor 26,Actor 464,1027884,"753,111,714"
,Broken Dream 569,1978,PG,191 min,"Action, Sci-Fi",8.0,"A story about broken dream 569, filled with memorable characters, challenges, and unexpected events.",83,Director 205,Actor 316,Actor 113,Actor 33,Actor 412,455985,"122,699,500"
,Lost Hope 570,1963,R,210 min,"Mystery, Thriller",8.7,"A story about lost hope 570, filled with memorable characters, challenges, and unexpected events.",81,Director 140,Actor 71,Actor 165,Actor 429,Actor 494,1369939,"129,810,628"
,Lost Promise 571,1995,PG,93 min,"Adventure, Drama",6.6,"A story about lost promise 571, filled with memorable characters, challenges, and unexpected events.",55,Director 179,Actor 190,Actor 284,Actor 85,Actor 225,1158792,"151,751,862"
,Beyond Heart 572,1925,PG,186 min,"Mystery, Thriller",6.4,"A story about beyond heart 572, filled with memorable characters, challenges, and unexpected events.",50,Director 2,Actor 4,Actor 92,Actor 475,Actor 46,671666,"16,882,928"
,Little Story 573,1973,UA,186 min,"Thriller, Mystery",8.3,"A story about little story 573, filled with memorable characters, challenges, and unexpected events.",85,Director 70,Actor 268,Actor 231,Actor 211,Actor 123,542225,"221,462,854"
,Golden War 574,2008,A,108 min,"Thriller, Mystery",6.1,"A story about golden war 574, filled with memorable characters, challenges, and unexpected events.",67,Director 108,Actor 3,Actor 286,Actor 121,Actor 99,379187,"673,541,905"
,Silent Destiny 575,1932,PG,195 min,"War, Drama",8.0,"A story about silent destiny 575, filled with memorable characters, challenges, and unexpected events.",94,Director 161,Actor 338,Actor 107,Actor 142,Actor 28,2138780,"235,545,955"
,Lost Dream 576,1939,UA,208 min,"Thriller, Mystery",8.3,"A story about lost dream 576, filled with memorable characters, challenges, and unexpected events.",87,Director 237,Actor 23,Actor 28,Actor 331,Actor 187,2096728,"189,426,260"
,Broken River 577,1975,R,163 min,"Sci-Fi, Adventure",6.8,"A story about broken river 577, filled with memorable characters, challenges, and unexpected events.",48,Director 237,Actor 276,Actor 91,Actor 81,Actor 403,191686,"112,221,299"
,The Last Truth 578,1985,PG-13,199 min,"Comedy, Romance",6.4,"A story about the last truth 578, filled with memorable characters, challenges, and unexpected events.",65,Director 108,Actor 102,Actor 383,Actor 347,Actor 460,1875714,"636,513,935"
,Falling Mountain 579,2019,PG,114 min,"Adventure, Drama",6.4,"A story about falling mountain 579, filled with memorable characters, challenges, and unexpected events.",100,Director 52,Actor 193,Actor 457,Actor 113,Actor 38,1004546,"792,250,738"
,Crimson Heart 580,1982,PG,140 min,"Animation, Adventure, Family",6.2,"A story about crimson heart 580, filled with memorable characters, challenges, and unexpected events.",56,Director 100,Actor 192,Actor 70,Actor 235,Actor 369,916662,"654,474,295"
,Lost Memory 581,1954,A,101 min,"Action, Crime, Drama",6.7,"A story about lost memory 581, filled with memorable characters, challenges, and unexpected events.",53,Director 29,Actor 437,Actor 239,Actor 235,Actor 215,2395157,"64,150,550"
,Golden Future 582,1948,PG-13,162 min,"Biography, Drama",8.9,"A story about golden future 582, filled with memorable characters, challenges, and unexpected events.",99,Director 59,Actor 45,Actor 211,Actor 439,Actor 268,722761,"620,853,175"
,Crimson River 583,1995,PG,144 min,"Crime, Drama",7.6,"A story about crimson river 583, filled with memorable characters, challenges, and unexpected events.",92,Director 224,Actor 127,Actor 127,Actor 168,Actor 223,70833,"783,950,598"
,Little Mountain 584,1995,U,201 min,"Action, Adventure",9.1,"A story about little mountain 584, filled with memorable characters, challenges, and unexpected events.",75,Director 188,Actor 394,Actor 259,Actor 18,Actor 218,1762262,"47,585,372"
,Beautiful Victory 585,1981,UA,174 min,"Adventure, Drama",8.7,"A story about beautiful victory 585, filled with memorable characters, challenges, and unexpected events.",50,Director 143,Actor 386,Actor 7,Actor 355,Actor 375,1907676,"531,908,267"
,Forgotten River 586,1936,R,115 min,"Action, Sci-Fi",7.2,"A story about forgotten river 586, filled with memorable characters, challenges, and unexpected events.",64,Director 42,Actor 361,Actor 236,Actor 440,Actor 293,76815,"515,263,018"
,Little Journey 587,1978,A,102 min,"Mystery, Thriller",7.5,"A story about little journey 587, filled with memorable characters, challenges, and unexpected events.",85,Director 119,Actor 361,Actor 325,Actor 1,Actor 441,785718,"848,204,335"
,Hidden Victory 588,2008,A,89 min,Drama,7.1,"A story about hidden victory 588, filled with memorable characters, challenges, and unexpected events.",89,Director 243,Actor 314,Actor 278,Actor 295,Actor 407,1796363,"808,507,344"
,Lost Kingdom 589,1999,A,179 min,"Action, Crime, Drama",8.9,"A story about lost kingdom 589, filled with memorable characters, challenges, and unexpected events.",48,Director 29,Actor 197,Actor 188,Actor 239,Actor 317,2168961,"724,503,104"
,A New Memory 590,1966,UA,156 min,"Action, Sci-Fi",6.6,"A story about a new memory 590, filled with memorable characters, challenges, and unexpected events.",53,Director 86,Actor 123,Actor 277,Actor 59,Actor 333,2361990,"761,744,944"
,Crimson Heart 591,2009,A,180 min,"Comedy, Romance",6.7,"A story about crimson heart 591, filled with memorable characters, challenges, and unexpected events.",77,Director 175,Actor 217,Actor 142,Actor 28,Actor 33,1354122,"378,821,270"
,Rising Memory 592,1977,PG-13,152 min,"Adventure, Drama",7.6,"A story about rising memory 592, filled with memorable characters, challenges, and unexpected events.",88,Director 212,Actor 273,Actor 461,Actor 150,Actor 232,1982010,"762,269,097"
,Great Memory 593,2006,U,188 min,"Action, Sci-Fi",9.1,"A story about great memory 593, filled with memorable characters, challenges, and unexpected events.",50,Director 101,Actor 460,Actor 92,Actor 148,Actor 491,800012,"491,738,597"
,Hidden Dream 594,1941,UA,174 min,"Animation, Adventure, Family",6.9,"A story about hidden dream 594, filled with memorable characters, challenges, and unexpected events.",78,Director 244,Actor 322,Actor 12,Actor 151,Actor 214,2091753,"161,696,070"
,American Shadow 595,1980,U,141 min,"Action, Adventure",7.1,"A story about american shadow 595, filled with memorable characters, challenges, and unexpected events.",46,Director 224,Actor 411,Actor 119,Actor 428,Actor 486,1232710,"203,102,339"
,Beautiful Future 596,1972,R,168 min,"Drama, Romance",7.9,"A story about beautiful future 596, filled with memorable characters, challenges, and unexpected events.",89,Director 136,Actor 432,Actor 281,Actor 228,Actor 235,2049054,"637,212,501"
,Broken Heart 597,1936,PG,124 min,"Biography, Drama",9.0,"A story about broken heart 597, filled with memorable characters, challenges, and unexpected events.",68,Director 249,Actor 148,Actor 395,Actor 433,Actor 25,1100550,"243,605,251"
,Dark Memory 598,1956,UA,106 min,"Biography, Drama",7.5,"A story about dark memory 598, filled with memorable characters, challenges, and unexpected events.",56,Director 215,Actor 363,Actor 355,Actor 464,Actor 342,2255280,"306,381,188"
,Dark Legacy 599,1950,A,125 min,"Animation, Adventure, Family",6.4,"A story about dark legacy 599, filled with memorable characters, challenges, and unexpected events.",56,Director 53,Actor 288,Actor 363,Actor 18,Actor 341,1859220,"279,710,097"
,Falling Memory 600,1938,U,154 min,"Biography, Drama",7.2,"A story about falling memory 600, filled with memorable characters, challenges, and unexpected events.",46,Director 104,Actor 477,Actor 256,Actor 394,Actor 75,2248260,"323,897,338"
,Infinite Future 601,1939,R,179 min,"War, Drama",6.0,"A story about infinite future 601, filled with memorable characters, challenges, and unexpected events.",90,Director 76,Actor 243,Actor 459,Actor 149,Actor 497,2138227,"355,809,881"
,Little Shadow 602,1992,U,203 min,"Sci-Fi, Adventure",8.4,"A story about little shadow 602, filled with memorable characters, challenges, and unexpected events.",91,Director 123,Actor 461,Actor 21,Actor 72,Actor 348,1430545,"740,065,938"
,American Dream 603,1959,U,164 min,"Comedy, Romance",6.1,"A story about american dream 603, filled with memorable characters, challenges, and unexpected events.",65,Director 15,Actor 312,Actor 329,Actor 100,Actor 299,1880545,"383,848,402"
,Beautiful Mountain 604,2020,PG-13,120 min,"Comedy, Drama",9.1,"A story about beautiful mountain 604, filled with memorable characters, challenges, and unexpected events.",99,Director 115,Actor 347,Actor 344,Actor 491,Actor 45,104575,"89,853,594"
,Beautiful Victory 605,1944,A,162 min,"Fantasy, Adventure",7.6,"A story about beautiful victory 605, filled with memorable characters, challenges, and unexpected events.",70,Director 38,Actor 367,Actor 438,Actor 219,Actor 190,245080,"716,034,958"
,Secret Memory 606,1921,U,129 min,Drama,6.9,"A story about secret memory 606, filled with memorable characters, challenges, and unexpected events.",58,Director 187,Actor 455,Actor 228,Actor 380,Actor 213,1878881,"602,504,613"
,Infinite Story 607,1940,PG-13,209 min,"Romance, Drama",8.7,"A story about infinite story 607, filled with memorable characters, challenges, and unexpected events.",83,Director 23,Actor 74,Actor 107,Actor 156,Actor 244,1747254,"149,959,658"
,Beautiful Future 608,1928,PG,160 min,"Mystery, Thriller",9.1,"A story about beautiful future 608, filled with memorable characters, challenges, and unexpected events.",85,Director 235,Actor 140,Actor 213,Actor 90,Actor 285,380978,"7,206,953"
,Infinite Heart 609,2016,PG-13,110 min,"Biography, Drama",9.0,"A story about infinite heart 609, filled with memorable characters, challenges, and unexpected events.",76,Director 11,Actor 422,Actor 424,Actor 155,Actor 428,1611257,"310,908,710"
,Little Story 610,1983,U,144 min,"Comedy, Romance",7.8,"A story about little story 610, filled with memorable characters, challenges, and unexpected events.",54,Director 68,Actor 154,Actor 490,Actor 328,Actor 428,122575,"849,665,526"
,Crimson Dream 611,2003,R,121 min,"Romance, Drama",8.2,"A story about crimson dream 611, filled with memorable characters, challenges, and unexpected events.",86,Director 63,Actor 15,Actor 62,Actor 392,Actor 142,762341,"528,259,105"
,Crimson Kingdom 612,1996,A,159 min,"Thriller, Mystery",8.5,"A story about crimson kingdom 612, filled with memorable characters, challenges, and unexpected events.",85,Director 176,Actor 244,Actor 499,Actor 356,Actor 419,2382191,"468,324,996"
,Silent Memory 613,1985,U,87 min,"Crime, Drama",8.4,"A story about silent memory 613, filled with memorable characters, challenges, and unexpected events.",54,Director 82,Actor 237,Actor 450,Actor 355,Actor 70,693030,"624,646,761"
,Rising Legacy 614,1926,A,138 min,"Horror, Mystery",6.9,"A story about rising legacy 614, filled with memorable characters, challenges, and unexpected events.",78,Director 164,Actor 480,Actor 40,Actor 264,Actor 100,214325,"311,330,727"
,Golden Dream 615,1996,R,154 min,"Drama, Romance",8.5,"A story about golden dream 615, filled with memorable characters, challenges, and unexpected events.",96,Director 78,Actor 139,Actor 351,Actor 358,Actor 353,1336282,"887,893,353"
,Rising Dream 616,1988,PG-13,190 min,"Animation, Adventure, Family",7.9,"A story about rising dream 616, filled with memorable characters, challenges, and unexpected events.",63,Director 96,Actor 399,Actor 249,Actor 211,Actor 175,64096,"147,148,346"
,Golden Dream 617,1947,R,113 min,"Comedy, Drama",6.5,"A story about golden dream 617, filled with memorable characters, challenges, and unexpected events.",98,Director 244,Actor 270,Actor 434,Actor 273,Actor 365,2353169,"658,763,681"
,American Dream 618,1973,PG,94 min,"Adventure, Drama",7.5,"A story about american dream 618, filled with memorable characters, challenges, and unexpected events.",67,Director 80,Actor 354,Actor 186,Actor 72,Actor 419,560427,"18,760,989"
,Infinite War 619,1986,R,128 min,"Biography, Drama",8.5,"A story about infinite war 619, filled with memorable characters, challenges, and unexpected events.",97,Director 31,Actor 114,Actor 66,Actor 439,Actor 356,1287938,"30,980,314"
,Dark Mountain 620,1959,U,101 min,"Action, Sci-Fi",6.4,"A story about dark mountain 620, filled with memorable characters, challenges, and unexpected events.",49,Director 5,Actor 397,Actor 248,Actor 388,Actor 221,1791761,"741,860,327"
,A New River 621,1933,PG,169 min,"Fantasy, Adventure",6.1,"A story about a new river 621, filled with memorable characters, challenges, and unexpected events.",52,Director 233,Actor 130,Actor 23,Actor 34,Actor 155,2497961,"63,735,565"
,The Last Dream 622,2020,UA,162 min,"Comedy, Drama",6.4,"A story about the last dream 622, filled with memorable characters, challenges, and unexpected events.",87,Director 90,Actor 15,Actor 47,Actor 75,Actor 434,2474585,"214,874,593"
,Midnight Heart 623,1964,PG-13,194 min,"Fantasy, Adventure",7.2,"A story about midnight heart 623, filled with memorable characters, challenges, and unexpected events.",49,Director 26,Actor 420,Actor 297,Actor 391,Actor 8,1024277,"542,242,157"
,Beautiful River 624,2011,R,121 min,"Biography, Drama",6.6,"A story about beautiful river 624, filled with memorable characters, challenges, and unexpected events.",51,Director 237,Actor 110,Actor 472,Actor 259,Actor 436,2262871,"4,748,146"
,Crimson Memory 625,2009,A,141 min,"Adventure, Drama",7.9,"A story about crimson memory 625, filled with memorable characters, challenges, and unexpected events.",69,Director 109,Actor 110,Actor 264,Actor 117,Actor 209,768533,"896,397,562"
,Silent Future 626,1935,A,151 min,"Animation, Adventure, Family",7.5,"A story about silent future 626, filled with memorable characters, challenges, and unexpected events.",90,Director 74,Actor 286,Actor 370,Actor 21,Actor 43,2089603,"818,585,133"
,Falling Truth 627,1934,PG-13,143 min,Drama,7.3,"A story about falling truth 627, filled with memorable characters, challenges, and unexpected events.",71,Director 75,Actor 438,Actor 220,Actor 97,Actor 439,1872085,"242,629,746"
,Hidden Truth 628,2006,PG,86 min,"Thriller, Mystery",7.2,"A story about hidden truth 628, filled with memorable characters, challenges, and unexpected events.",78,Director 169,Actor 347,Actor 44,Actor 62,Actor 74,451122,"425,698,787"
,Secret Victory 629,2008,UA,98 min,"Biography, Drama",7.9,"A story about secret victory 629, filled with memorable characters, challenges, and unexpected events.",66,Director 52,Actor 305,Actor 433,Actor 207,Actor 63,281415,"390,630,625"
,Beyond Hope 630,2012,PG,182 min,"Crime, Drama",7.6,"A story about beyond hope 630, filled with memorable characters, challenges, and unexpected events.",87,Director 155,Actor 487,Actor 208,Actor 249,Actor 262,1688709,"382,456,574"
,Midnight Shadow 631,2018,UA,100 min,"Crime, Drama",7.5,"A story about midnight shadow 631, filled with memorable characters, challenges, and unexpected events.",85,Director 242,Actor 69,Actor 16,Actor 51,Actor 378,2062446,"534,043,662"
,A New Kingdom 632,1983,R,209 min,"Biography, Drama",8.2,"A story about a new kingdom 632, filled with memorable characters, challenges, and unexpected events.",65,Director 40,Actor 156,Actor 319,Actor 320,Actor 50,1614879,"649,267,041"
,Hidden Destiny 633,2018,PG,144 min,"Comedy, Drama",7.6,"A story about hidden destiny 633, filled with memorable characters, challenges, and unexpected events.",76,Director 130,Actor 134,Actor 278,Actor 176,Actor 415,1241292,"711,017,196"
,American World 634,1922,PG,89 min,"Romance, Drama",9.1,"A story about american world 634, filled with memorable characters, challenges, and unexpected events.",65,Director 219,Actor 193,Actor 227,Actor 236,Actor 19,509684,"412,019,441"
,A New Legacy 635,1991,PG,184 min,Drama,8.2,"A story about a new legacy 635, filled with memorable characters, challenges, and unexpected events.",53,Director 80,Actor 367,Actor 200,Actor 250,Actor 392,698470,"527,822,211"
,Silent Heart 636,2006,PG,155 min,"War, Drama",7.6,"A story about silent heart 636, filled with memorable characters, challenges, and unexpected events.",80,Director 219,Actor 81,Actor 260,Actor 29,Actor 201,2410023,"504,563,645"
,Midnight Truth 637,1995,U,163 min,"Horror, Mystery",9.2,"A story about midnight truth 637, filled with memorable characters, challenges, and unexpected events.",46,Director 152,Actor 24,Actor 66,Actor 429,Actor 188,1203017,"344,215,773"
,Rising Heart 638,1923,PG,165 min,"Drama, Romance",8.5,"A story about rising heart 638, filled with memorable characters, challenges, and unexpected events.",67,Director 92,Actor 211,Actor 180,Actor 29,Actor 339,1606240,"104,628,821"
,Beyond Mountain 639,1950,U,160 min,"Action, Sci-Fi",8.1,"A story about beyond mountain 639, filled with memorable characters, challenges, and unexpected events.",66,Director 44,Actor 11,Actor 276,Actor 167,Actor 20,284727,"327,497,259"
,Infinite Hope 640,1992,PG,138 min,"Crime, Drama",7.7,"A story about infinite hope 640, filled with memorable characters, challenges, and unexpected events.",82,Director 6,Actor 163,Actor 194,Actor 293,Actor 200,95573,"747,379,721"
,Falling Heart 641,1932,PG-13,97 min,"Comedy, Drama",8.7,"A story about falling heart 641, filled with memorable characters, challenges, and unexpected events.",96,Director 196,Actor 342,Actor 174,Actor 86,Actor 315,1419149,"533,461,273"
,Broken Memory 642,1975,A,166 min,"Action, Sci-Fi",6.7,"A story about broken memory 642, filled with memorable characters, challenges, and unexpected events.",61,Director 13,Actor 153,Actor 294,Actor 206,Actor 412,2257450,"229,966,763"
,Beyond War 643,2015,A,176 min,"Adventure, Drama",9.2,"A story about beyond war 643, filled with memorable characters, challenges, and unexpected events.",49,Director 146,Actor 411,Actor 272,Actor 244,Actor 219,2492460,"361,777,118"
,Lost Memory 644,1929,R,123 min,"Fantasy, Adventure",8.2,"A story about lost memory 644, filled with memorable characters, challenges, and unexpected events.",79,Director 81,Actor 103,Actor 213,Actor 206,Actor 129,1267909,"464,934,095"
,Great Destiny 645,1978,R,155 min,"Biography, Drama",8.2,"A story about great destiny 645, filled with memorable characters, challenges, and unexpected events.",78,Director 221,Actor 96,Actor 296,Actor 256,Actor 110,88027,"674,242,288"
,Infinite Empire 646,2001,R,163 min,"Romance, Drama",7.8,"A story about infinite empire 646, filled with memorable characters, challenges, and unexpected events.",48,Director 134,Actor 103,Actor 187,Actor 237,Actor 76,2384464,"780,296,990"
,Beyond Shadow 647,2015,U,123 min,"Romance, Drama",8.3,"A story about beyond shadow 647, filled with memorable characters, challenges, and unexpected events.",85,Director 53,Actor 434,Actor 212,Actor 137,Actor 422,1730756,"342,251,243"
,Broken Legacy 648,1952,UA,115 min,"Mystery, Thriller",8.3,"A story about broken legacy 648, filled with memorable characters, challenges, and unexpected events.",57,Director 8,Actor 126,Actor 409,Actor 424,Actor 159,1010271,"122,032,595"
,Infinite Truth 649,1991,A,139 min,"Action, Crime, Drama",9.3,"A story about infinite truth 649, filled with memorable characters, challenges, and unexpected events.",53,Director 8,Actor 133,Actor 405,Actor 412,Actor 143,857209,"171,209,874"
,American Legacy 650,2002,U,208 min,"Thriller, Mystery",8.8,"A story about american legacy 650, filled with memorable characters, challenges, and unexpected events.",65,Director 155,Actor 153,Actor 444,Actor 33,Actor 462,93503,"59,507,206"
,Forgotten Memory 651,2005,U,96 min,"Mystery, Thriller",8.2,"A story about forgotten memory 651, filled with memorable characters, challenges, and unexpected events.",81,Director 189,Actor 257,Actor 478,Actor 62,Actor 268,599552,"253,547,260"
,Little Destiny 652,1952,A,96 min,"Comedy, Romance",7.6,"A story about little destiny 652, filled with memorable characters, challenges, and unexpected events.",66,Director 214,Actor 300,Actor 378,Actor 200,Actor 413,522866,"830,307,388"
,Beyond Hope 653,1947,PG,107 min,"Comedy, Drama",6.5,"A story about beyond hope 653, filled with memorable characters, challenges, and unexpected events.",61,Director 221,Actor 302,Actor 29,Actor 252,Actor 274,1161534,"471,983,135"
,Rising Dream 654,1960,UA,145 min,"Comedy, Romance",7.8,"A story about rising dream 654, filled with memorable characters, challenges, and unexpected events.",68,Director 122,Actor 367,Actor 189,Actor 421,Actor 158,1174899,"842,206,991"
,The Last War 655,1924,PG-13,169 min,"Action, Crime, Drama",8.8,"A story about the last war 655, filled with memorable characters, challenges, and unexpected events.",69,Director 80,Actor 328,Actor 491,Actor 359,Actor 186,1015273,"271,738,319"
,Silent World 656,1950,A,134 min,"Action, Adventure",8.8,"A story about silent world 656, filled with memorable characters, challenges, and unexpected events.",50,Director 240,Actor 422,Actor 388,Actor 121,Actor 153,1658258,"274,477,213"
,Lost Legacy 657,1976,U,197 min,"Romance, Drama",8.1,"A story about lost legacy 657, filled with memorable characters, challenges, and unexpected events.",97,Director 200,Actor 482,Actor 252,Actor 242,Actor 378,152110,"294,344,475"
,Forgotten Future 658,2011,A,202 min,"Adventure, Drama",7.4,"A story about forgotten future 658, filled with memorable characters, challenges, and unexpected events.",77,Director 17,Actor 181,Actor 216,Actor 309,Actor 374,682528,"750,089,538"
,American Future 659,1978,PG,182 min,"Action, Crime, Drama",8.3,"A story about american future 659, filled with memorable characters, challenges, and unexpected events.",95,Director 165,Actor 70,Actor 2,Actor 206,Actor 103,780659,"676,725,216"
,Broken Future 660,1993,R,105 min,"Comedy, Romance",6.3,"A story about broken future 660, filled with memorable characters, challenges, and unexpected events.",93,Director 34,Actor 434,Actor 305,Actor 352,Actor 211,2175795,"766,283,442"
,Falling Adventure 661,1981,PG-13,102 min,"Crime, Drama",8.9,"A story about falling adventure 661, filled with memorable characters, challenges, and unexpected events.",97,Director 84,Actor 410,Actor 145,Actor 102,Actor 44,737623,"738,261,934"
,Forgotten Memory 662,1943,PG-13,133 min,"Comedy, Romance",7.3,"A story about forgotten memory 662, filled with memorable characters, challenges, and unexpected events.",86,Director 157,Actor 321,Actor 118,Actor 465,Actor 46,96967,"24,763,947"
,Infinite River 663,1953,PG,106 min,"Action, Crime, Drama",8.3,"A story about infinite river 663, filled with memorable characters, challenges, and unexpected events.",83,Director 67,Actor 77,Actor 46,Actor 491,Actor 189,1692062,"663,676,795"
,Golden Heart 664,1935,R,152 min,"Romance, Drama",6.0,"A story about golden heart 664, filled with memorable characters, challenges, and unexpected events.",76,Director 31,Actor 115,Actor 366,Actor 105,Actor 98,1912988,"888,360,922"
,Midnight Story 665,2015,UA,101 min,"Romance, Drama",7.6,"A story about midnight story 665, filled with memorable characters, challenges, and unexpected events.",97,Director 73,Actor 373,Actor 347,Actor 97,Actor 215,876568,"644,433,988"
,Golden Hope 666,1938,PG,209 min,"Crime, Drama",6.1,"A story about golden hope 666, filled with memorable characters, challenges, and unexpected events.",60,Director 95,Actor 299,Actor 351,Actor 332,Actor 235,997698,"663,329,105"
,Hidden Journey 667,1980,PG,126 min,"Mystery, Thriller",6.4,"A story about hidden journey 667, filled with memorable characters, challenges, and unexpected events.",90,Director 109,Actor 377,Actor 306,Actor 132,Actor 38,900105,"766,038,642"
,Silent World 668,1927,PG-13,204 min,"Comedy, Romance",6.2,"A story about silent world 668, filled with memorable characters, challenges, and unexpected events.",87,Director 248,Actor 411,Actor 307,Actor 364,Actor 384,1985233,"380,528,530"
,A New Journey 669,1952,A,133 min,Drama,7.7,"A story about a new journey 669, filled with memorable characters, challenges, and unexpected events.",53,Director 248,Actor 457,Actor 287,Actor 22,Actor 298,1665478,"720,862,108"
,Golden Empire 670,1941,U,204 min,"Drama, Romance",7.7,"A story about golden empire 670, filled with memorable characters, challenges, and unexpected events.",65,Director 182,Actor 272,Actor 222,Actor 73,Actor 134,1973290,"141,747,522"
,Silent Future 671,1925,A,148 min,"Crime, Drama",9.2,"A story about silent future 671, filled with memorable characters, challenges, and unexpected events.",61,Director 157,Actor 425,Actor 390,Actor 475,Actor 136,1522433,"461,901,350"
,Beautiful Future 672,1975,R,125 min,"Thriller, Mystery",8.9,"A story about beautiful future 672, filled with memorable characters, challenges, and unexpected events.",85,Director 205,Actor 226,Actor 28,Actor 97,Actor 77,644450,"596,751,173"
,A New Mountain 673,1943,U,118 min,"Biography, Drama",6.1,"A story about a new mountain 673, filled with memorable characters, challenges, and unexpected events.",76,Director 11,Actor 227,Actor 183,Actor 364,Actor 288,1969297,"468,713,005"
,Crimson Adventure 674,1983,U,177 min,"Animation, Adventure, Family",6.4,"A story about crimson adventure 674, filled with memorable characters, challenges, and unexpected events.",58,Director 223,Actor 146,Actor 93,Actor 428,Actor 87,528643,"375,484,764"
,Beautiful Empire 675,1992,PG-13,159 min,"Comedy, Drama",8.9,"A story about beautiful empire 675, filled with memorable characters, challenges, and unexpected events.",94,Director 147,Actor 93,Actor 214,Actor 472,Actor 40,2457575,"4,529,962"
,Beyond Truth 676,2006,R,127 min,"Action, Adventure",6.3,"A story about beyond truth 676, filled with memorable characters, challenges, and unexpected events.",52,Director 101,Actor 192,Actor 303,Actor 476,Actor 488,1202361,"731,653,554"
,Silent Future 677,1939,A,143 min,"Thriller, Mystery",6.1,"A story about silent future 677, filled with memorable characters, challenges, and unexpected events.",83,Director 169,Actor 3,Actor 169,Actor 497,Actor 23,1914446,"674,792,904"
,Great Adventure 678,1961,R,178 min,"Animation, Adventure, Family",9.1,"A story about great adventure 678, filled with memorable characters, challenges, and unexpected events.",63,Director 83,Actor 409,Actor 29,Actor 381,Actor 37,896536,"52,372,164"
,American War 679,1968,PG,117 min,"Biography, Drama",6.3,"A story about american war 679, filled with memorable characters, challenges, and unexpected events.",50,Director 6,Actor 437,Actor 107,Actor 84,Actor 199,1016969,"827,823,397"
,Secret Story 680,2002,PG,168 min,"Animation, Adventure, Family",8.5,"A story about secret story 680, filled with memorable characters, challenges, and unexpected events.",96,Director 111,Actor 377,Actor 413,Actor 472,Actor 159,515841,"320,662,039"
,Great Shadow 681,1965,PG,191 min,"Horror, Mystery",8.2,"A story about great shadow 681, filled with memorable characters, challenges, and unexpected events.",73,Director 227,Actor 199,Actor 244,Actor 138,Actor 289,2160223,"214,710,134"
,Great Hope 682,1931,R,188 min,"Horror, Mystery",8.5,"A story about great hope 682, filled with memorable characters, challenges, and unexpected events.",72,Director 24,Actor 21,Actor 263,Actor 175,Actor 499,791633,"466,217,682"
,Infinite Mountain 683,2002,R,104 min,"Thriller, Mystery",8.3,"A story about infinite mountain 683, filled with memorable characters, challenges, and unexpected events.",78,Director 22,Actor 149,Actor 240,Actor 224,Actor 41,2221567,"676,084,454"
,Crimson Story 684,1939,PG,172 min,Drama,9.2,"A story about crimson story 684, filled with memorable characters, challenges, and unexpected events.",63,Director 146,Actor 25,Actor 283,Actor 40,Actor 470,1052928,"561,765,819"
,A New Destiny 685,1933,R,137 min,"Adventure, Drama",7.7,"A story about a new destiny 685, filled with memorable characters, challenges, and unexpected events.",81,Director 209,Actor 130,Actor 182,Actor 131,Actor 300,1958910,"709,687,923"
,Hidden Destiny 686,1922,UA,169 min,"Sci-Fi, Adventure",6.4,"A story about hidden destiny 686, filled with memorable characters, challenges, and unexpected events.",98,Director 101,Actor 24,Actor 43,Actor 214,Actor 449,763096,"844,251,226"
,Broken Future 687,1995,UA,181 min,"Sci-Fi, Adventure",8.4,"A story about broken future 687, filled with memorable characters, challenges, and unexpected events.",58,Director 48,Actor 41,Actor 383,Actor 310,Actor 133,1121802,"366,604,998"
,Silent Hope 688,1988,R,135 min,"Adventure, Drama",6.1,"A story about silent hope 688, filled with memorable characters, challenges, and unexpected events.",75,Director 118,Actor 355,Actor 208,Actor 445,Actor 337,65803,"184,499,429"
,Great Truth 689,1958,A,209 min,"Horror, Mystery",8.0,"A story about great truth 689, filled with memorable characters, challenges, and unexpected events.",50,Director 33,Actor 70,Actor 8,Actor 98,Actor 58,1666738,"864,076,413"
,The Last River 690,1923,R,168 min,"Animation, Adventure, Family",6.7,"A story about the last river 690, filled with memorable characters, challenges, and unexpected events.",99,Director 203,Actor 276,Actor 98,Actor 45,Actor 155,1024099,"468,024,311"
,Infinite Shadow 691,1980,R,99 min,"Biography, Drama",7.4,"A story about infinite shadow 691, filled with memorable characters, challenges, and unexpected events.",73,Director 247,Actor 249,Actor 242,Actor 11,Actor 441,649305,"793,360,250"
,Infinite Heart 692,1951,U,157 min,"Mystery, Thriller",6.7,"A story about infinite heart 692, filled with memorable characters, challenges, and unexpected events.",51,Director 162,Actor 434,Actor 366,Actor 222,Actor 213,223583,"358,568,773"
,Crimson Heart 693,1996,PG,122 min,"Action, Crime, Drama",8.4,"A story about crimson heart 693, filled with memorable characters, challenges, and unexpected events.",77,Director 152,Actor 372,Actor 314,Actor 479,Actor 348,2054708,"429,253,534"
,Crimson Mountain 694,2011,PG-13,87 min,"Romance, Drama",6.2,"A story about crimson mountain 694, filled with memorable characters, challenges, and unexpected events.",49,Director 69,Actor 458,Actor 332,Actor 214,Actor 456,2427610,"339,241,517"
,Crimson Dream 695,1983,PG,167 min,"Horror, Mystery",8.1,"A story about crimson dream 695, filled with memorable characters, challenges, and unexpected events.",46,Director 42,Actor 148,Actor 372,Actor 99,Actor 241,1890412,"749,050,428"
,Rising Adventure 696,1949,A,160 min,"Drama, Romance",7.7,"A story about rising adventure 696, filled with memorable characters, challenges, and unexpected events.",91,Director 183,Actor 200,Actor 492,Actor 214,Actor 427,1974894,"140,930,436"
,Rising Truth 697,1940,UA,121 min,"Action, Sci-Fi",8.1,"A story about rising truth 697, filled with memorable characters, challenges, and unexpected events.",57,Director 41,Actor 311,Actor 252,Actor 52,Actor 407,2035386,"138,716,374"
,Forgotten Truth 698,1958,A,156 min,"Action, Crime, Drama",6.8,"A story about forgotten truth 698, filled with memorable characters, challenges, and unexpected events.",67,Director 174,Actor 82,Actor 90,Actor 424,Actor 441,86045,"385,344,337"
,Beautiful Promise 699,1928,UA,99 min,"Comedy, Romance",7.1,"A story about beautiful promise 699, filled with memorable characters, challenges, and unexpected events.",76,Director 67,Actor 175,Actor 402,Actor 182,Actor 394,516202,"603,522,986"
,A New World 700,1954,U,194 min,"Fantasy, Adventure",9.0,"A story about a new world 700, filled with memorable characters, challenges, and unexpected events.",73,Director 205,Actor 235,Actor 493,Actor 431,Actor 387,446803,"758,596,505"
,Silent Dream 701,2020,PG-13,185 min,"Adventure, Drama",8.0,"A story about silent dream 701, filled with memorable characters, challenges, and unexpected events.",51,Director 43,Actor 323,Actor 61,Actor 446,Actor 106,2369182,"45,164,341"
,Rising Legacy 702,2013,U,141 min,"Fantasy, Adventure",7.0,"A story about rising legacy 702, filled with memorable characters, challenges, and unexpected events.",54,Director 166,Actor 187,Actor 172,Actor 420,Actor 71,2100403,"786,671,603"
,Silent River 703,1976,PG,183 min,"Action, Adventure",9.2,"A story about silent river 703, filled with memorable characters, challenges, and unexpected events.",66,Director 74,Actor 259,Actor 88,Actor 44,Actor 137,1038930,"896,474,030"
,Rising Hope 704,1966,UA,116 min,"Animation, Adventure, Family",8.1,"A story about rising hope 704, filled with memorable characters, challenges, and unexpected events.",53,Director 206,Actor 220,Actor 212,Actor 471,Actor 210,2231514,"452,920,774"
,Infinite Destiny 705,2007,U,88 min,"Sci-Fi, Adventure",7.2,"A story about infinite destiny 705, filled with memorable characters, challenges, and unexpected events.",90,Director 207,Actor 265,Actor 484,Actor 36,Actor 44,620624,"827,044,269"
,Falling Future 706,1971,U,106 min,"Romance, Drama",9.2,"A story about falling future 706, filled with memorable characters, challenges, and unexpected events.",87,Director 237,Actor 329,Actor 78,Actor 463,Actor 295,267816,"422,366,433"
,A New Destiny 707,1957,R,198 min,"War, Drama",7.4,"A story about a new destiny 707, filled with memorable characters, challenges, and unexpected events.",65,Director 233,Actor 177,Actor 5,Actor 424,Actor 144,1286423,"774,859,532"
,Beautiful War 708,1938,PG-13,142 min,"Comedy, Drama",8.3,"A story about beautiful war 708, filled with memorable characters, challenges, and unexpected events.",86,Director 114,Actor 358,Actor 177,Actor 455,Actor 416,2293485,"670,501,096"
,Secret River 709,1958,R,153 min,"Drama, Romance",6.3,"A story about secret river 709, filled with memorable characters, challenges, and unexpected events.",92,Director 226,Actor 65,Actor 267,Actor 277,Actor 146,1645751,"778,668,781"
,Lost Kingdom 710,1985,U,151 min,"Drama, Romance",7.8,"A story about lost kingdom 710, filled with memorable characters, challenges, and unexpected events.",95,Director 139,Actor 304,Actor 133,Actor 124,Actor 427,681203,"25,248,911"
,Broken Hope 711,1984,PG-13,92 min,"Horror, Mystery",6.4,"A story about broken hope 711, filled with memorable characters, challenges, and unexpected events.",67,Director 32,Actor 25,Actor 388,Actor 334,Actor 482,1099497,"673,324,887"
,Silent Adventure 712,1958,R,85 min,"Sci-Fi, Adventure",7.9,"A story about silent adventure 712, filled with memorable characters, challenges, and unexpected events.",82,Director 145,Actor 366,Actor 458,Actor 481,Actor 322,1431786,"253,607,570"
,American War 713,1949,R,121 min,"Animation, Adventure, Family",7.2,"A story about american war 713, filled with memorable characters, challenges, and unexpected events.",60,Director 27,Actor 168,Actor 265,Actor 299,Actor 99,1594044,"558,087,812"
,Rising Adventure 714,1932,U,139 min,"Romance, Drama",6.5,"A story about rising adventure 714, filled with memorable characters, challenges, and unexpected events.",72,Director 228,Actor 67,Actor 244,Actor 110,Actor 229,353711,"99,151,192"
,Hidden Memory 715,2006,PG,160 min,"War, Drama",7.7,"A story about hidden memory 715, filled with memorable characters, challenges, and unexpected events.",100,Director 68,Actor 300,Actor 256,Actor 326,Actor 217,2186613,"836,356,672"
,Infinite Truth 716,2013,UA,190 min,"Biography, Drama",9.2,"A story about infinite truth 716, filled with memorable characters, challenges, and unexpected events.",76,Director 183,Actor 235,Actor 67,Actor 496,Actor 361,615431,"543,183,464"
,Beautiful Destiny 717,1935,UA,143 min,"Thriller, Mystery",8.3,"A story about beautiful destiny 717, filled with memorable characters, challenges, and unexpected events.",80,Director 95,Actor 472,Actor 488,Actor 61,Actor 309,146765,"801,644,309"
,Forgotten Dream 718,1935,U,122 min,"Action, Crime, Drama",7.2,"A story about forgotten dream 718, filled with memorable characters, challenges, and unexpected events.",68,Director 79,Actor 192,Actor 156,Actor 151,Actor 249,2202687,"164,709,469"
,The Last Shadow 719,1938,UA,138 min,"Action, Crime, Drama",8.6,"A story about the last shadow 719, filled with memorable characters, challenges, and unexpected events.",56,Director 210,Actor 379,Actor 251,Actor 2,Actor 63,1289950,"304,486,805"
,American Memory 720,1928,PG-13,138 min,"Thriller, Mystery",8.9,"A story about american memory 720, filled with memorable characters, challenges, and unexpected events.",73,Director 231,Actor 173,Actor 401,Actor 194,Actor 244,2413584,"332,639,857"
,Great Shadow 721,2017,PG,166 min,"Sci-Fi, Adventure",6.5,"A story about great shadow 721, filled with memorable characters, challenges, and unexpected events.",54,Director 222,Actor 373,Actor 167,Actor 46,Actor 410,1897140,"716,522,822"
,Great War 722,1972,U,200 min,"Mystery, Thriller",7.3,"A story about great war 722, filled with memorable characters, challenges, and unexpected events.",87,Director 228,Actor 227,Actor 377,Actor 143,Actor 331,1431860,"580,988,371"
,Hidden Legacy 723,2010,U,165 min,Drama,6.1,"A story about hidden legacy 723, filled with memorable characters, challenges, and unexpected events.",86,Director 144,Actor 44,Actor 99,Actor 490,Actor 317,2363190,"692,834,933"
,American Heart 724,2016,PG,157 min,"Fantasy, Adventure",6.2,"A story about american heart 724, filled with memorable characters, challenges, and unexpected events.",77,Director 230,Actor 10,Actor 62,Actor 338,Actor 480,804383,"806,006,132"
,American Legacy 725,1922,U,111 min,"Comedy, Romance",6.9,"A story about american legacy 725, filled with memorable characters, challenges, and unexpected events.",96,Director 137,Actor 311,Actor 165,Actor 206,Actor 302,2440820,"477,087,762"
,A New Truth 726,1922,A,108 min,"Romance, Drama",7.1,"A story about a new truth 726, filled with memorable characters, challenges, and unexpected events.",69,Director 66,Actor 47,Actor 59,Actor 51,Actor 278,110902,"566,930,194"
,Golden Story 727,1938,PG,183 min,"Action, Sci-Fi",6.6,"A story about golden story 727, filled with memorable characters, challenges, and unexpected events.",88,Director 44,Actor 31,Actor 315,Actor 493,Actor 167,656876,"329,517,778"
,Golden Journey 728,2011,PG,134 min,"Adventure, Drama",6.2,"A story about golden journey 728, filled with memorable characters, challenges, and unexpected events.",65,Director 67,Actor 193,Actor 483,Actor 424,Actor 461,1352351,"153,065,855"
,Silent Promise 729,1945,PG-13,161 min,"Comedy, Romance",6.8,"A story about silent promise 729, filled with memorable characters, challenges, and unexpected events.",69,Director 244,Actor 59,Actor 138,Actor 32,Actor 163,2077705,"546,227,934"
,Infinite World 730,1972,A,88 min,"Romance, Drama",6.2,"A story about infinite world 730, filled with memorable characters, challenges, and unexpected events.",80,Director 247,Actor 301,Actor 346,Actor 52,Actor 127,990378,"20,096,117"
,American Shadow 731,1958,UA,142 min,"Action, Sci-Fi",7.9,"A story about american shadow 731, filled with memorable characters, challenges, and unexpected events.",68,Director 139,Actor 87,Actor 401,Actor 126,Actor 276,2108965,"218,560,189"
,Forgotten World 732,1977,UA,189 min,"Sci-Fi, Adventure",6.1,"A story about forgotten world 732, filled with memorable characters, challenges, and unexpected events.",45,Director 16,Actor 478,Actor 472,Actor 247,Actor 140,1223200,"701,316,599"
,Great Empire 733,2007,A,129 min,"Comedy, Drama",7.3,"A story about great empire 733, filled with memorable characters, challenges, and unexpected events.",47,Director 42,Actor 379,Actor 274,Actor 289,Actor 36,2464335,"548,060,971"
,Broken Kingdom 734,1970,PG,191 min,"Animation, Adventure, Family",8.3,"A story about broken kingdom 734, filled with memorable characters, challenges, and unexpected events.",58,Director 157,Actor 259,Actor 491,Actor 411,Actor 163,2344042,"300,166,062"
,Falling Empire 735,2016,UA,119 min,"Comedy, Romance",8.3,"A story about falling empire 735, filled with memorable characters, challenges, and unexpected events.",74,Director 246,Actor 307,Actor 169,Actor 9,Actor 468,1359048,"366,922,211"
,Dark Journey 736,1997,PG-13,200 min,"Action, Adventure",7.6,"A story about dark journey 736, filled with memorable characters, challenges, and unexpected events.",89,Director 181,Actor 251,Actor 391,Actor 202,Actor 276,737862,"443,730,426"
,Hidden Kingdom 737,1988,PG,191 min,"Sci-Fi, Adventure",6.1,"A story about hidden kingdom 737, filled with memorable characters, challenges, and unexpected events.",97,Director 154,Actor 184,Actor 199,Actor 91,Actor 430,527642,"379,125,201"
,The Last Dream 738,1979,R,109 min,"Sci-Fi, Adventure",7.2,"A story about the last dream 738, filled with memorable characters, challenges, and unexpected events.",46,Director 195,Actor 144,Actor 349,Actor 472,Actor 364,49272,"237,956,110"
,Rising River 739,1931,PG,165 min,Drama,8.7,"A story about rising river 739, filled with memorable characters, challenges, and unexpected events.",68,Director 10,Actor 144,Actor 253,Actor 464,Actor 361,937560,"251,632,545"
,Great River 740,1920,PG-13,190 min,"Mystery, Thriller",6.6,"A story about great river 740, filled with memorable characters, challenges, and unexpected events.",77,Director 127,Actor 88,Actor 283,Actor 100,Actor 338,475343,"297,899,667"
,Little War 741,1992,A,160 min,"Animation, Adventure, Family",6.6,"A story about little war 741, filled with memorable characters, challenges, and unexpected events.",81,Director 220,Actor 117,Actor 452,Actor 268,Actor 374,282836,"136,927,900"
,Midnight River 742,2006,PG-13,209 min,"War, Drama",6.1,"A story about midnight river 742, filled with memorable characters, challenges, and unexpected events.",74,Director 1,Actor 481,Actor 219,Actor 329,Actor 345,1070827,"730,974,965"
,A New Future 743,1975,PG-13,137 min,"Crime, Drama",8.8,"A story about a new future 743, filled with memorable characters, challenges, and unexpected events.",74,Director 127,Actor 186,Actor 265,Actor 389,Actor 23,520521,"730,430,709"
,Beyond Promise 744,1955,PG,153 min,"Sci-Fi, Adventure",9.0,"A story about beyond promise 744, filled with memorable characters, challenges, and unexpected events.",57,Director 86,Actor 42,Actor 451,Actor 293,Actor 414,1336414,"5,639,736"
,The Last Mountain 745,2008,A,94 min,"Comedy, Romance",7.4,"A story about the last mountain 745, filled with memorable characters, challenges, and unexpected events.",64,Director 17,Actor 321,Actor 321,Actor 50,Actor 15,835761,"176,710,744"
,Crimson Hope 746,1923,U,165 min,"Drama, Romance",8.0,"A story about crimson hope 746, filled with memorable characters, challenges, and unexpected events.",75,Director 62,Actor 491,Actor 175,Actor 427,Actor 28,1060293,"265,479,125"
,Falling Destiny 747,1950,PG,184 min,"Sci-Fi, Adventure",9.1,"A story about falling destiny 747, filled with memorable characters, challenges, and unexpected events.",82,Director 32,Actor 44,Actor 499,Actor 32,Actor 470,411272,"671,563,117"
,A New Victory 748,1960,PG,173 min,"Action, Sci-Fi",8.9,"A story about a new victory 748, filled with memorable characters, challenges, and unexpected events.",48,Director 78,Actor 313,Actor 321,Actor 222,Actor 34,544923,"66,674,389"
,Silent Promise 749,1991,PG-13,193 min,"Mystery, Thriller",6.2,"A story about silent promise 749, filled with memorable characters, challenges, and unexpected events.",93,Director 106,Actor 120,Actor 443,Actor 307,Actor 404,1694780,"102,996,950"
,Great Journey 750,1978,R,186 min,"Romance, Drama",7.3,"A story about great journey 750, filled with memorable characters, challenges, and unexpected events.",88,Director 201,Actor 14,Actor 233,Actor 265,Actor 169,434790,"364,760,414"
,Little River 751,1933,UA,161 min,"Action, Sci-Fi",6.3,"A story about little river 751, filled with memorable characters, challenges, and unexpected events.",81,Director 33,Actor 327,Actor 261,Actor 132,Actor 182,2496746,"847,729,428"
,Forgotten Truth 752,2012,U,108 min,"Comedy, Romance",8.0,"A story about forgotten truth 752, filled with memorable characters, challenges, and unexpected events.",48,Director 33,Actor 160,Actor 300,Actor 224,Actor 263,587441,"855,899,705"
,Rising Story 753,1994,A,184 min,"Animation, Adventure, Family",8.9,"A story about rising story 753, filled with memorable characters, challenges, and unexpected events.",83,Director 88,Actor 150,Actor 189,Actor 497,Actor 5,628278,"504,247,303"
,Beautiful Heart 754,2004,PG-13,92 min,"Comedy, Romance",8.2,"A story about beautiful heart 754, filled with memorable characters, challenges, and unexpected events.",99,Director 14,Actor 217,Actor 177,Actor 101,Actor 500,2136964,"879,691,893"
,Lost River 755,2020,R,109 min,"Thriller, Mystery",6.2,"A story about lost river 755, filled with memorable characters, challenges, and unexpected events.",66,Director 219,Actor 297,Actor 290,Actor 494,Actor 172,1970427,"644,089,866"
,Great Story 756,1973,UA,98 min,"Sci-Fi, Adventure",7.1,"A story about great story 756, filled with memorable characters, challenges, and unexpected events.",45,Director 164,Actor 115,Actor 355,Actor 118,Actor 239,186966,"532,601,508"
,Great River 757,1950,PG,183 min,"Drama, Romance",7.6,"A story about great river 757, filled with memorable characters, challenges, and unexpected events.",56,Director 212,Actor 4,Actor 186,Actor 6,Actor 38,1586688,"220,556,760"
,Rising Journey 758,1991,PG-13,122 min,"Sci-Fi, Adventure",6.4,"A story about rising journey 758, filled with memorable characters, challenges, and unexpected events.",93,Director 93,Actor 23,Actor 500,Actor 16,Actor 102,825387,"677,990,337"
,Lost Story 759,1942,UA,118 min,"Biography, Drama",6.7,"A story about lost story 759, filled with memorable characters, challenges, and unexpected events.",56,Director 51,Actor 12,Actor 91,Actor 432,Actor 135,1435297,"595,495,166"
,Silent Journey 760,2006,A,168 min,"Adventure, Drama",6.5,"A story about silent journey 760, filled with memorable characters, challenges, and unexpected events.",74,Director 62,Actor 190,Actor 415,Actor 191,Actor 339,1429282,"225,840,666"
,Golden Destiny 761,1999,UA,197 min,"Action, Sci-Fi",8.9,"A story about golden destiny 761, filled with memorable characters, challenges, and unexpected events.",95,Director 49,Actor 99,Actor 273,Actor 194,Actor 356,506997,"155,182,939"
,Rising Future 762,1996,PG-13,166 min,"Comedy, Romance",7.4,"A story about rising future 762, filled with memorable characters, challenges, and unexpected events.",82,Director 49,Actor 438,Actor 275,Actor 151,Actor 405,203756,"819,453,456"
,Dark Future 763,1951,PG-13,186 min,"Crime, Drama",6.2,"A story about dark future 763, filled with memorable characters, challenges, and unexpected events.",76,Director 54,Actor 373,Actor 42,Actor 402,Actor 241,540405,"545,850,195"
,Great Kingdom 764,1941,PG-13,181 min,"Fantasy, Adventure",7.7,"A story about great kingdom 764, filled with memorable characters, challenges, and unexpected events.",74,Director 46,Actor 165,Actor 365,Actor 192,Actor 270,1579785,"535,454,547"
,Crimson Truth 765,1980,UA,136 min,"Action, Crime, Drama",6.9,"A story about crimson truth 765, filled with memorable characters, challenges, and unexpected events.",73,Director 221,Actor 121,Actor 203,Actor 112,Actor 157,879058,"235,814,544"
,Forgotten Victory 766,1993,U,192 min,"Horror, Mystery",6.5,"A story about forgotten victory 766, filled with memorable characters, challenges, and unexpected events.",53,Director 193,Actor 44,Actor 152,Actor 228,Actor 266,1077573,"591,250,686"
,Rising Mountain 767,1994,PG,150 min,"Drama, Romance",6.1,"A story about rising mountain 767, filled with memorable characters, challenges, and unexpected events.",72,Director 105,Actor 189,Actor 412,Actor 255,Actor 163,1797202,"484,519,915"
,Midnight Victory 768,1923,U,114 min,"Crime, Drama",6.6,"A story about midnight victory 768, filled with memorable characters, challenges, and unexpected events.",63,Director 216,Actor 257,Actor 263,Actor 280,Actor 330,328299,"385,673,103"
,Hidden Empire 769,1949,UA,94 min,"Horror, Mystery",6.3,"A story about hidden empire 769, filled with memorable characters, challenges, and unexpected events.",66,Director 51,Actor 346,Actor 169,Actor 129,Actor 155,170563,"586,391,021"
,Midnight River 770,2010,A,102 min,"War, Drama",8.0,"A story about midnight river 770, filled with memorable characters, challenges, and unexpected events.",63,Director 211,Actor 178,Actor 401,Actor 207,Actor 485,1105281,"9,263,182"
,Secret Heart 771,2016,UA,145 min,"Fantasy, Adventure",8.2,"A story about secret heart 771, filled with memorable characters, challenges, and unexpected events.",59,Director 186,Actor 384,Actor 108,Actor 243,Actor 120,636130,"426,918,051"
,Beautiful Heart 772,2020,U,144 min,"Sci-Fi, Adventure",7.8,"A story about beautiful heart 772, filled with memorable characters, challenges, and unexpected events.",65,Director 217,Actor 97,Actor 220,Actor 395,Actor 483,1438829,"850,412,143"
,Forgotten River 773,1976,PG-13,156 min,"Action, Adventure",7.5,"A story about forgotten river 773, filled with memorable characters, challenges, and unexpected events.",100,Director 33,Actor 157,Actor 483,Actor 378,Actor 5,1581606,"149,296,669"
,Crimson Memory 774,1963,A,139 min,"Mystery, Thriller",6.7,"A story about crimson memory 774, filled with memorable characters, challenges, and unexpected events.",82,Director 6,Actor 291,Actor 403,Actor 17,Actor 473,2264874,"321,833,001"
,Dark Shadow 775,1962,PG,187 min,"Mystery, Thriller",7.9,"A story about dark shadow 775, filled with memorable characters, challenges, and unexpected events.",49,Director 137,Actor 198,Actor 97,Actor 244,Actor 56,1609365,"219,363,036"
,Falling Heart 776,1977,R,123 min,"Action, Sci-Fi",8.1,"A story about falling heart 776, filled with memorable characters, challenges, and unexpected events.",80,Director 46,Actor 17,Actor 424,Actor 353,Actor 309,729002,"112,105,417"
,Crimson Journey 777,1943,UA,201 min,"Mystery, Thriller",6.7,"A story about crimson journey 777, filled with memorable characters, challenges, and unexpected events.",63,Director 169,Actor 269,Actor 36,Actor 233,Actor 30,1200417,"221,175,169"
,Rising Destiny 778,1921,U,195 min,"Romance, Drama",6.6,"A story about rising destiny 778, filled with memorable characters, challenges, and unexpected events.",53,Director 138,Actor 215,Actor 245,Actor 381,Actor 36,1650414,"168,715,534"
,Secret River 779,1936,PG-13,124 min,"Romance, Drama",8.9,"A story about secret river 779, filled with memorable characters, challenges, and unexpected events.",81,Director 241,Actor 159,Actor 301,Actor 104,Actor 258,2001371,"170,590,067"
,Infinite Empire 780,1945,PG,103 min,"Sci-Fi, Adventure",6.0,"A story about infinite empire 780, filled with memorable characters, challenges, and unexpected events.",83,Director 207,Actor 127,Actor 270,Actor 169,Actor 467,278309,"885,488,850"
,Little Truth 781,1978,PG,90 min,"Action, Sci-Fi",7.5,"A story about little truth 781, filled with memorable characters, challenges, and unexpected events.",67,Director 180,Actor 432,Actor 365,Actor 406,Actor 153,1217589,"694,058,412"
,Secret War 782,1942,R,107 min,"Romance, Drama",7.4,"A story about secret war 782, filled with memorable characters, challenges, and unexpected events.",56,Director 179,Actor 292,Actor 49,Actor 202,Actor 358,1930270,"413,130,888"
,A New Mountain 783,1940,U,165 min,"War, Drama",6.9,"A story about a new mountain 783, filled with memorable characters, challenges, and unexpected events.",89,Director 186,Actor 370,Actor 462,Actor 112,Actor 466,1234273,"715,917,439"
,Crimson Hope 784,2017,A,132 min,"Action, Sci-Fi",7.8,"A story about crimson hope 784, filled with memorable characters, challenges, and unexpected events.",71,Director 116,Actor 85,Actor 130,Actor 107,Actor 260,451343,"541,689,839"
,A New Adventure 785,1923,R,173 min,"Sci-Fi, Adventure",6.2,"A story about a new adventure 785, filled with memorable characters, challenges, and unexpected events.",70,Director 220,Actor 100,Actor 204,Actor 20,Actor 6,1608682,"369,099,657"
,Midnight Dream 786,2010,U,126 min,"Sci-Fi, Adventure",9.0,"A story about midnight dream 786, filled with memorable characters, challenges, and unexpected events.",50,Director 141,Actor 337,Actor 125,Actor 366,Actor 487,2043227,"495,478,308"
,Infinite Shadow 787,1980,PG-13,192 min,"Biography, Drama",8.7,"A story about infinite shadow 787, filled with memorable characters, challenges, and unexpected events.",51,Director 46,Actor 151,Actor 64,Actor 274,Actor 380,725502,"19,498,359"
,Secret Legacy 788,1929,A,86 min,"Crime, Drama",8.2,"A story about secret legacy 788, filled with memorable characters, challenges, and unexpected events.",56,Director 56,Actor 366,Actor 18,Actor 458,Actor 346,653810,"473,252,913"
,American River 789,1976,R,192 min,"Fantasy, Adventure",8.3,"A story about american river 789, filled with memorable characters, challenges, and unexpected events.",64,Director 114,Actor 27,Actor 307,Actor 3,Actor 25,441146,"419,523,299"
,Secret River 790,1951,PG,115 min,"Comedy, Drama",7.2,"A story about secret river 790, filled with memorable characters, challenges, and unexpected events.",46,Director 4,Actor 173,Actor 421,Actor 99,Actor 349,393302,"17,321,150"
,Hidden Mountain 791,1932,PG,191 min,"Biography, Drama",8.6,"A story about hidden mountain 791, filled with memorable characters, challenges, and unexpected events.",77,Director 28,Actor 418,Actor 168,Actor 166,Actor 288,710646,"47,358,075"
,Lost War 792,1946,UA,135 min,"Romance, Drama",9.1,"A story about lost war 792, filled with memorable characters, challenges, and unexpected events.",51,Director 92,Actor 166,Actor 89,Actor 8,Actor 206,516688,"249,646,342"
,Falling Journey 793,1969,PG-13,113 min,"Action, Sci-Fi",6.7,"A story about falling journey 793, filled with memorable characters, challenges, and unexpected events.",68,Director 12,Actor 35,Actor 454,Actor 112,Actor 211,1177935,"697,973,124"
,Broken War 794,1983,A,98 min,"War, Drama",9.2,"A story about broken war 794, filled with memorable characters, challenges, and unexpected events.",51,Director 154,Actor 167,Actor 324,Actor 357,Actor 199,2397419,"184,202,823"
,Dark Future 795,1942,A,198 min,"Drama, Romance",8.1,"A story about dark future 795, filled with memorable characters, challenges, and unexpected events.",46,Director 156,Actor 467,Actor 300,Actor 230,Actor 196,2032201,"72,592,053"
,Beautiful Mountain 796,1984,U,86 min,"Comedy, Romance",7.9,"A story about beautiful mountain 796, filled with memorable characters, challenges, and unexpected events.",64,Director 61,Actor 378,Actor 220,Actor 388,Actor 125,98975,"661,899,351"
,Great Kingdom 797,1927,PG,148 min,Drama,6.5,"A story about great kingdom 797, filled with memorable characters, challenges, and unexpected events.",58,Director 165,Actor 20,Actor 122,Actor 473,Actor 372,857298,"162,955,048"
,Great Adventure 798,2014,U,102 min,"Crime, Drama",8.9,"A story about great adventure 798, filled with memorable characters, challenges, and unexpected events.",78,Director 203,Actor 213,Actor 332,Actor 417,Actor 148,1341853,"691,162,461"
,The Last Mountain 799,2013,R,116 min,"Comedy, Drama",7.1,"A story about the last mountain 799, filled with memorable characters, challenges, and unexpected events.",60,Director 206,Actor 352,Actor 357,Actor 369,Actor 114,2272037,"58,161,488"
,Great Victory 800,1986,U,141 min,"Action, Adventure",7.1,"A story about great victory 800, filled with memorable characters, challenges, and unexpected events.",57,Director 14,Actor 325,Actor 73,Actor 481,Actor 105,281022,"527,996,893"
,Dark Kingdom 801,1942,U,191 min,"Comedy, Drama",8.0,"A story about dark kingdom 801, filled with memorable characters, challenges, and unexpected events.",72,Director 186,Actor 240,Actor 160,Actor 85,Actor 370,1001156,"544,942,967"
,Lost Mountain 802,1974,PG,116 min,Drama,6.6,"A story about lost mountain 802, filled with memorable characters, challenges, and unexpected events.",85,Director 52,Actor 140,Actor 442,Actor 401,Actor 247,1206856,"619,028,228"
,Hidden Memory 803,1970,PG-13,145 min,"Sci-Fi, Adventure",7.2,"A story about hidden memory 803, filled with memorable characters, challenges, and unexpected events.",92,Director 111,Actor 390,Actor 80,Actor 420,Actor 489,1782920,"542,653,751"
,Crimson Journey 804,2017,PG-13,194 min,"Action, Sci-Fi",7.3,"A story about crimson journey 804, filled with memorable characters, challenges, and unexpected events.",54,Director 142,Actor 373,Actor 90,Actor 132,Actor 195,1269262,"639,173,265"
,Infinite Story 805,1978,UA,156 min,"Thriller, Mystery",6.9,"A story about infinite story 805, filled with memorable characters, challenges, and unexpected events.",90,Director 121,Actor 101,Actor 80,Actor 470,Actor 98,311736,"357,907,435"
,The Last Journey 806,1984,PG,132 min,"Thriller, Mystery",8.4,"A story about the last journey 806, filled with memorable characters, challenges, and unexpected events.",92,Director 96,Actor 197,Actor 251,Actor 158,Actor 329,1706827,"446,583,500"
,Little Kingdom 807,1972,UA,202 min,"Adventure, Drama",8.9,"A story about little kingdom 807, filled with memorable characters, challenges, and unexpected events.",57,Director 196,Actor 224,Actor 491,Actor 131,Actor 395,1624077,"607,417,600"
,Rising Destiny 808,2010,PG,173 min,"Horror, Mystery",7.6,"A story about rising destiny 808, filled with memorable characters, challenges, and unexpected events.",72,Director 189,Actor 127,Actor 125,Actor 245,Actor 18,252030,"699,005,354"
,Rising Journey 809,2009,UA,103 min,"Crime, Drama",8.2,"A story about rising journey 809, filled with memorable characters, challenges, and unexpected events.",61,Director 64,Actor 309,Actor 297,Actor 488,Actor 340,1920382,"731,389,574"
,Golden Journey 810,1934,PG-13,167 min,"Mystery, Thriller",8.5,"A story about golden journey 810, filled with memorable characters, challenges, and unexpected events.",50,Director 133,Actor 466,Actor 97,Actor 449,Actor 217,1677935,"758,236,646"
,Golden Hope 811,1952,A,149 min,"War, Drama",8.3,"A story about golden hope 811, filled with memorable characters, challenges, and unexpected events.",91,Director 106,Actor 386,Actor 449,Actor 474,Actor 373,1615531,"629,398,362"
,Hidden Dream 812,2001,R,187 min,"Horror, Mystery",7.9,"A story about hidden dream 812, filled with memorable characters, challenges, and unexpected events.",58,Director 239,Actor 384,Actor 204,Actor 358,Actor 158,608583,"288,959,459"
,The Last Legacy 813,1982,R,93 min,"Romance, Drama",6.0,"A story about the last legacy 813, filled with memorable characters, challenges, and unexpected events.",63,Director 188,Actor 221,Actor 88,Actor 91,Actor 192,2211850,"447,681,039"
,Golden Shadow 814,1945,UA,149 min,"Adventure, Drama",7.6,"A story about golden shadow 814, filled with memorable characters, challenges, and unexpected events.",56,Director 52,Actor 31,Actor 384,Actor 94,Actor 415,1900208,"609,010,536"
,Lost Empire 815,1972,A,201 min,"Adventure, Drama",7.5,"A story about lost empire 815, filled with memorable characters, challenges, and unexpected events.",50,Director 97,Actor 64,Actor 142,Actor 33,Actor 176,706783,"85,795,123"
,The Last Heart 816,1950,A,171 min,"Adventure, Drama",7.6,"A story about the last heart 816, filled with memorable characters, challenges, and unexpected events.",93,Director 245,Actor 4,Actor 341,Actor 299,Actor 405,49873,"65,658,887"
,A New Dream 817,1947,A,85 min,"Mystery, Thriller",7.7,"A story about a new dream 817, filled with memorable characters, challenges, and unexpected events.",76,Director 122,Actor 388,Actor 173,Actor 310,Actor 220,2191348,"817,608,336"
,Falling Memory 818,2007,PG,125 min,"Comedy, Romance",8.9,"A story about falling memory 818, filled with memorable characters, challenges, and unexpected events.",69,Director 157,Actor 30,Actor 500,Actor 183,Actor 448,1525027,"714,222,368"
,Falling Dream 819,1920,PG-13,174 min,"Mystery, Thriller",7.5,"A story about falling dream 819, filled with memorable characters, challenges, and unexpected events.",52,Director 223,Actor 272,Actor 144,Actor 487,Actor 359,592433,"27,674,144"
,Beyond Memory 820,1977,R,169 min,"Thriller, Mystery",8.0,"A story about beyond memory 820, filled with memorable characters, challenges, and unexpected events.",57,Director 1,Actor 327,Actor 491,Actor 483,Actor 417,2169705,"443,691,301"
,Falling Journey 821,2001,PG-13,90 min,"Drama, Romance",7.2,"A story about falling journey 821, filled with memorable characters, challenges, and unexpected events.",76,Director 103,Actor 379,Actor 314,Actor 407,Actor 42,1873555,"250,881,693"
,Rising Hope 822,1980,PG-13,194 min,"Adventure, Drama",9.3,"A story about rising hope 822, filled with memorable characters, challenges, and unexpected events.",57,Director 183,Actor 74,Actor 446,Actor 267,Actor 449,1624213,"315,632,960"
,Little Destiny 823,1924,R,186 min,"Action, Sci-Fi",6.4,"A story about little destiny 823, filled with memorable characters, challenges, and unexpected events.",80,Director 224,Actor 240,Actor 87,Actor 459,Actor 229,1273946,"893,833,419"
,Silent Truth 824,2004,R,116 min,"Comedy, Drama",7.8,"A story about silent truth 824, filled with memorable characters, challenges, and unexpected events.",89,Director 23,Actor 55,Actor 223,Actor 367,Actor 15,724847,"808,898,730"
,Golden Future 825,1969,U,113 min,"Crime, Drama",8.5,"A story about golden future 825, filled with memorable characters, challenges, and unexpected events.",87,Director 35,Actor 473,Actor 274,Actor 325,Actor 372,2007756,"720,152,632"
,Crimson Kingdom 826,2008,R,113 min,"Action, Sci-Fi",7.1,"A story about crimson kingdom 826, filled with memorable characters, challenges, and unexpected events.",92,Director 189,Actor 372,Actor 196,Actor 335,Actor 329,1449593,"404,911,746"
,American Hope 827,1949,U,99 min,Drama,6.7,"A story about american hope 827, filled with memorable characters, challenges, and unexpected events.",66,Director 190,Actor 304,Actor 480,Actor 97,Actor 382,377758,"119,696,078"
,Silent Heart 828,1967,U,125 min,"Mystery, Thriller",6.4,"A story about silent heart 828, filled with memorable characters, challenges, and unexpected events.",64,Director 16,Actor 303,Actor 275,Actor 98,Actor 434,2429764,"791,359,564"
,Secret Hope 829,1960,PG-13,187 min,"Animation, Adventure, Family",8.5,"A story about secret hope 829, filled with memorable characters, challenges, and unexpected events.",82,Director 57,Actor 55,Actor 203,Actor 5,Actor 276,2189995,"712,788,382"
,Infinite Future 830,1938,PG,122 min,"Comedy, Romance",8.7,"A story about infinite future 830, filled with memorable characters, challenges, and unexpected events.",54,Director 154,Actor 146,Actor 75,Actor 383,Actor 341,2106450,"730,223,959"
,A New War 831,1960,PG-13,173 min,"Adventure, Drama",7.0,"A story about a new war 831, filled with memorable characters, challenges, and unexpected events.",75,Director 162,Actor 425,Actor 111,Actor 254,Actor 150,1156943,"758,722,505"
,Secret Promise 832,1962,R,176 min,"Comedy, Drama",6.5,"A story about secret promise 832, filled with memorable characters, challenges, and unexpected events.",48,Director 237,Actor 444,Actor 398,Actor 92,Actor 439,954019,"752,156,728"
,Crimson Victory 833,1958,PG,169 min,"Biography, Drama",9.2,"A story about crimson victory 833, filled with memorable characters, challenges, and unexpected events.",66,Director 109,Actor 348,Actor 243,Actor 179,Actor 388,100453,"588,449,223"
,Secret Victory 834,1929,PG-13,121 min,Drama,7.7,"A story about secret victory 834, filled with memorable characters, challenges, and unexpected events.",70,Director 25,Actor 68,Actor 166,Actor 386,Actor 406,828275,"752,909,702"
,Little Promise 835,2010,PG,168 min,"Biography, Drama",7.0,"A story about little promise 835, filled with memorable characters, challenges, and unexpected events.",89,Director 124,Actor 150,Actor 460,Actor 75,Actor 108,2430773,"147,804,952"
,Lost River 836,2014,PG,131 min,"Adventure, Drama",8.1,"A story about lost river 836, filled with memorable characters, challenges, and unexpected events.",88,Director 216,Actor 87,Actor 475,Actor 29,Actor 50,629102,"404,423,699"
,Rising Truth 837,1942,PG,100 min,"Fantasy, Adventure",9.1,"A story about rising truth 837, filled with memorable characters, challenges, and unexpected events.",54,Director 161,Actor 370,Actor 207,Actor 126,Actor 18,1429712,"637,250,229"
,Silent Mountain 838,1970,R,173 min,"Biography, Drama",7.6,"A story about silent mountain 838, filled with memorable characters, challenges, and unexpected events.",95,Director 172,Actor 338,Actor 46,Actor 399,Actor 238,1584422,"833,162,386"
,Secret Empire 839,2000,U,132 min,"Action, Adventure",8.2,"A story about secret empire 839, filled with memorable characters, challenges, and unexpected events.",52,Director 126,Actor 329,Actor 343,Actor 466,Actor 261,513318,"125,327,973"
,Beyond Journey 840,1995,R,158 min,"Thriller, Mystery",7.9,"A story about beyond journey 840, filled with memorable characters, challenges, and unexpected events.",51,Director 204,Actor 304,Actor 93,Actor 197,Actor 248,1158085,"744,982,463"
,Forgotten Story 841,1993,PG,126 min,"Action, Sci-Fi",6.4,"A story about forgotten story 841, filled with memorable characters, challenges, and unexpected events.",97,Director 180,Actor 11,Actor 202,Actor 285,Actor 419,2264484,"198,623,961"
,American Destiny 842,1982,UA,192 min,"War, Drama",6.2,"A story about american destiny 842, filled with memorable characters, challenges, and unexpected events.",87,Director 230,Actor 61,Actor 93,Actor 442,Actor 307,530468,"809,173,286"
,Golden Journey 843,1991,PG-13,125 min,"Adventure, Drama",7.5,"A story about golden journey 843, filled with memorable characters, challenges, and unexpected events.",58,Director 168,Actor 83,Actor 45,Actor 288,Actor 132,174178,"138,415,117"
,A New Kingdom 844,1935,R,131 min,"War, Drama",7.7,"A story about a new kingdom 844, filled with memorable characters, challenges, and unexpected events.",45,Director 64,Actor 154,Actor 24,Actor 485,Actor 485,729755,"454,347,901"
,Beautiful Story 845,2004,A,102 min,"Thriller, Mystery",7.8,"A story about beautiful story 845, filled with memorable characters, challenges, and unexpected events.",83,Director 138,Actor 262,Actor 108,Actor 353,Actor 51,1322548,"561,308,623"
,A New Mountain 846,1924,PG-13,123 min,"Comedy, Drama",6.6,"A story about a new mountain 846, filled with memorable characters, challenges, and unexpected events.",58,Director 152,Actor 184,Actor 143,Actor 66,Actor 374,572909,"646,647,614"
,Great Hope 847,1929,PG,118 min,"Mystery, Thriller",7.8,"A story about great hope 847, filled with memorable characters, challenges, and unexpected events.",50,Director 242,Actor 131,Actor 347,Actor 218,Actor 482,695011,"429,660,480"
,Dark World 848,1946,A,178 min,"Crime, Drama",6.2,"A story about dark world 848, filled with memorable characters, challenges, and unexpected events.",81,Director 169,Actor 332,Actor 421,Actor 262,Actor 310,817937,"767,229,446"
,Golden Hope 849,1939,PG-13,185 min,"Romance, Drama",7.0,"A story about golden hope 849, filled with memorable characters, challenges, and unexpected events.",60,Director 20,Actor 139,Actor 64,Actor 273,Actor 57,1599397,"27,920,499"
,American Hope 850,1928,A,96 min,"Horror, Mystery",7.1,"A story about american hope 850, filled with memorable characters, challenges, and unexpected events.",54,Director 223,Actor 409,Actor 116,Actor 141,Actor 6,1408873,"835,547,323"
,Silent Victory 851,1948,R,98 min,"Adventure, Drama",7.2,"A story about silent victory 851, filled with memorable characters, challenges, and unexpected events.",64,Director 151,Actor 421,Actor 414,Actor 251,Actor 49,747070,"565,398,949"
,Beautiful Memory 852,2009,U,121 min,"War, Drama",7.9,"A story about beautiful memory 852, filled with memorable characters, challenges, and unexpected events.",48,Director 44,Actor 163,Actor 485,Actor 385,Actor 200,1146882,"652,362,668"
,Golden Memory 853,2014,PG,185 min,"War, Drama",8.2,"A story about golden memory 853, filled with memorable characters, challenges, and unexpected events.",75,Director 152,Actor 66,Actor 133,Actor 5,Actor 352,2323878,"638,565,114"
,Beautiful Shadow 854,2004,R,133 min,"Crime, Drama",6.4,"A story about beautiful shadow 854, filled with memorable characters, challenges, and unexpected events.",68,Director 182,Actor 399,Actor 128,Actor 348,Actor 312,231730,"779,013,009"
,Forgotten Adventure 855,1943,A,130 min,"Sci-Fi, Adventure",7.4,"A story about forgotten adventure 855, filled with memorable characters, challenges, and unexpected events.",72,Director 134,Actor 483,Actor 368,Actor 452,Actor 473,2116502,"308,070,266"
,Beyond Story 856,2001,A,206 min,Drama,8.8,"A story about beyond story 856, filled with memorable characters, challenges, and unexpected events.",99,Director 24,Actor 325,Actor 41,Actor 40,Actor 374,1715046,"827,502,258"
,Beyond Kingdom 857,1941,U,95 min,Drama,7.9,"A story about beyond kingdom 857, filled with memorable characters, challenges, and unexpected events.",72,Director 174,Actor 261,Actor 478,Actor 375,Actor 70,2334314,"529,294,227"
,Crimson Truth 858,1985,U,171 min,"War, Drama",8.3,"A story about crimson truth 858, filled with memorable characters, challenges, and unexpected events.",84,Director 49,Actor 467,Actor 426,Actor 382,Actor 4,532994,"435,471,662"
,Forgotten World 859,2015,PG,179 min,"Fantasy, Adventure",7.1,"A story about forgotten world 859, filled with memorable characters, challenges, and unexpected events.",55,Director 173,Actor 477,Actor 452,Actor 392,Actor 269,187653,"652,262,382"
,Beyond Legacy 860,1929,PG,102 min,"Fantasy, Adventure",7.2,"A story about beyond legacy 860, filled with memorable characters, challenges, and unexpected events.",76,Director 98,Actor 88,Actor 192,Actor 497,Actor 58,1491812,"54,760,511"
,Falling Mountain 861,1989,PG,194 min,"Adventure, Drama",8.8,"A story about falling mountain 861, filled with memorable characters, challenges, and unexpected events.",63,Director 68,Actor 110,Actor 2,Actor 378,Actor 324,1226619,"321,339,920"
,Little Victory 862,1947,PG-13,203 min,"Fantasy, Adventure",9.0,"A story about little victory 862, filled with memorable characters, challenges, and unexpected events.",99,Director 125,Actor 30,Actor 183,Actor 4,Actor 316,158600,"497,303,646"
,Infinite Future 863,1958,A,85 min,"Horror, Mystery",7.2,"A story about infinite future 863, filled with memorable characters, challenges, and unexpected events.",45,Director 26,Actor 221,Actor 252,Actor 102,Actor 44,790802,"431,817,324"
,Beautiful Destiny 864,1939,R,201 min,"Thriller, Mystery",7.4,"A story about beautiful destiny 864, filled with memorable characters, challenges, and unexpected events.",61,Director 58,Actor 241,Actor 203,Actor 192,Actor 154,38984,"167,206,867"
,Rising Hope 865,1943,PG,119 min,"Adventure, Drama",7.8,"A story about rising hope 865, filled with memorable characters, challenges, and unexpected events.",55,Director 36,Actor 182,Actor 383,Actor 223,Actor 3,1849504,"704,774,903"
,Rising River 866,1934,R,90 min,"Animation, Adventure, Family",6.6,"A story about rising river 866, filled with memorable characters, challenges, and unexpected events.",66,Director 231,Actor 17,Actor 83,Actor 342,Actor 102,1664845,"452,205,185"
,Crimson Empire 867,1935,PG,155 min,"Thriller, Mystery",7.4,"A story about crimson empire 867, filled with memorable characters, challenges, and unexpected events.",77,Director 186,Actor 473,Actor 380,Actor 432,Actor 423,544496,"348,945,506"
,Secret Shadow 868,1934,A,186 min,"Action, Adventure",9.2,"A story about secret shadow 868, filled with memorable characters, challenges, and unexpected events.",77,Director 4,Actor 393,Actor 351,Actor 122,Actor 27,539000,"167,111,940"
,Falling Hope 869,1996,PG,140 min,"Thriller, Mystery",8.4,"A story about falling hope 869, filled with memorable characters, challenges, and unexpected events.",50,Director 195,Actor 220,Actor 127,Actor 317,Actor 79,1224111,"303,135,036"
,Beautiful Legacy 870,1951,PG,99 min,"Crime, Drama",6.9,"A story about beautiful legacy 870, filled with memorable characters, challenges, and unexpected events.",57,Director 122,Actor 362,Actor 401,Actor 415,Actor 53,1047479,"715,566,869"
,Beautiful War 871,1943,UA,194 min,"Animation, Adventure, Family",6.6,"A story about beautiful war 871, filled with memorable characters, challenges, and unexpected events.",70,Director 10,Actor 141,Actor 99,Actor 476,Actor 75,972107,"129,444,220"
,Forgotten Journey 872,1998,PG-13,195 min,"Action, Crime, Drama",6.7,"A story about forgotten journey 872, filled with memorable characters, challenges, and unexpected events.",64,Director 180,Actor 325,Actor 119,Actor 114,Actor 173,1605314,"437,432,024"
,Forgotten Truth 873,1927,A,167 min,"Action, Crime, Drama",7.7,"A story about forgotten truth 873, filled with memorable characters, challenges, and unexpected events.",68,Director 72,Actor 483,Actor 180,Actor 365,Actor 215,1286284,"118,270,604"
,Beyond Future 874,1926,A,85 min,"Action, Crime, Drama",6.6,"A story about beyond future 874, filled with memorable characters, challenges, and unexpected events.",75,Director 72,Actor 466,Actor 311,Actor 52,Actor 221,1359054,"227,709,166"
,Golden Empire 875,1982,U,123 min,"Adventure, Drama",7.2,"A story about golden empire 875, filled with memorable characters, challenges, and unexpected events.",88,Director 142,Actor 395,Actor 442,Actor 67,Actor 170,416374,"718,376,952"
,Rising Memory 876,2015,A,152 min,"Horror, Mystery",8.6,"A story about rising memory 876, filled with memorable characters, challenges, and unexpected events.",58,Director 150,Actor 197,Actor 45,Actor 455,Actor 55,1009302,"698,298,840"
,Dark War 877,1935,PG,208 min,"Comedy, Drama",6.1,"A story about dark war 877, filled with memorable characters, challenges, and unexpected events.",51,Director 20,Actor 483,Actor 280,Actor 317,Actor 176,819196,"756,722,973"
,Broken Truth 878,2017,UA,177 min,"Animation, Adventure, Family",6.7,"A story about broken truth 878, filled with memorable characters, challenges, and unexpected events.",71,Director 141,Actor 365,Actor 130,Actor 457,Actor 450,193757,"137,358,508"
,American Memory 879,1966,PG,176 min,"Adventure, Drama",7.5,"A story about american memory 879, filled with memorable characters, challenges, and unexpected events.",71,Director 135,Actor 477,Actor 488,Actor 258,Actor 405,1839244,"72,801,447"
,The Last Legacy 880,1996,PG-13,208 min,"Animation, Adventure, Family",6.9,"A story about the last legacy 880, filled with memorable characters, challenges, and unexpected events.",48,Director 204,Actor 498,Actor 356,Actor 98,Actor 380,1224906,"48,896,435"
,Secret Truth 881,2007,PG-13,150 min,"Action, Sci-Fi",7.8,"A story about secret truth 881, filled with memorable characters, challenges, and unexpected events.",69,Director 144,Actor 400,Actor 200,Actor 206,Actor 311,704233,"470,125,055"
,Midnight River 882,1943,U,158 min,"Comedy, Drama",6.0,"A story about midnight river 882, filled with memorable characters, challenges, and unexpected events.",95,Director 132,Actor 234,Actor 258,Actor 363,Actor 369,2493500,"748,199,284"
,Beautiful Empire 883,1958,UA,122 min,"Crime, Drama",8.8,"A story about beautiful empire 883, filled with memorable characters, challenges, and unexpected events.",59,Director 12,Actor 274,Actor 122,Actor 150,Actor 21,2325888,"127,986,302"
,Dark Empire 884,1937,UA,186 min,"Action, Crime, Drama",6.9,"A story about dark empire 884, filled with memorable characters, challenges, and unexpected events.",79,Director 30,Actor 1,Actor 333,Actor 178,Actor 324,1054415,"884,230,042"
,Great Memory 885,1961,UA,175 min,"War, Drama",6.3,"A story about great memory 885, filled with memorable characters, challenges, and unexpected events.",71,Director 230,Actor 314,Actor 151,Actor 167,Actor 30,1117456,"775,427,062"
,The Last Memory 886,1948,PG-13,120 min,"Biography, Drama",8.4,"A story about the last memory 886, filled with memorable characters, challenges, and unexpected events.",87,Director 223,Actor 399,Actor 481,Actor 400,Actor 299,1083688,"16,891,698"
,Silent Victory 887,2003,PG,165 min,"War, Drama",6.8,"A story about silent victory 887, filled with memorable characters, challenges, and unexpected events.",59,Director 84,Actor 138,Actor 105,Actor 298,Actor 323,874693,"877,182,820"
,Secret Shadow 888,1977,PG,177 min,"Romance, Drama",6.8,"A story about secret shadow 888, filled with memorable characters, challenges, and unexpected events.",50,Director 127,Actor 93,Actor 236,Actor 95,Actor 418,1556188,"159,372,622"
,Golden River 889,1992,A,178 min,"Biography, Drama",7.6,"A story about golden river 889, filled with memorable characters, challenges, and unexpected events.",55,Director 227,Actor 91,Actor 419,Actor 202,Actor 352,1192979,"22,699,372"
,Great River 890,1928,PG,139 min,"Comedy, Romance",6.5,"A story about great river 890, filled with memorable characters, challenges, and unexpected events.",51,Director 186,Actor 270,Actor 71,Actor 373,Actor 385,1918509,"692,790,988"
,The Last War 891,1932,R,87 min,"Adventure, Drama",7.2,"A story about the last war 891, filled with memorable characters, challenges, and unexpected events.",47,Director 34,Actor 128,Actor 395,Actor 43,Actor 138,66841,"819,843,632"
,Dark War 892,1921,A,86 min,"Adventure, Drama",8.6,"A story about dark war 892, filled with memorable characters, challenges, and unexpected events.",99,Director 182,Actor 44,Actor 104,Actor 72,Actor 246,2284865,"790,515,185"
,Little Adventure 893,1940,PG-13,146 min,"Animation, Adventure, Family",7.0,"A story about little adventure 893, filled with memorable characters, challenges, and unexpected events.",89,Director 69,Actor 322,Actor 279,Actor 64,Actor 11,1032608,"60,095,868"
,A New Dream 894,1989,UA,150 min,"Romance, Drama",7.0,"A story about a new dream 894, filled with memorable characters, challenges, and unexpected events.",46,Director 59,Actor 219,Actor 198,Actor 76,Actor 181,604899,"1,399,672"
,Broken Mountain 895,2007,U,198 min,"Adventure, Drama",7.3,"A story about broken mountain 895, filled with memorable characters, challenges, and unexpected events.",59,Director 27,Actor 490,Actor 490,Actor 145,Actor 183,2072845,"182,162,648"
,Hidden War 896,1962,UA,203 min,"Action, Sci-Fi",6.4,"A story about hidden war 896, filled with memorable characters, challenges, and unexpected events.",56,Director 110,Actor 272,Actor 172,Actor 308,Actor 93,191809,"649,183,785"
,Forgotten Shadow 897,2005,A,164 min,Drama,8.3,"A story about forgotten shadow 897, filled with memorable characters, challenges, and unexpected events.",76,Director 170,Actor 189,Actor 478,Actor 136,Actor 416,1471235,"111,686,005"
,Hidden Journey 898,1939,PG,103 min,"Drama, Romance",8.6,"A story about hidden journey 898, filled with memorable characters, challenges, and unexpected events.",91,Director 204,Actor 403,Actor 500,Actor 245,Actor 418,629835,"419,503,103"
,Hidden Dream 899,1993,A,178 min,"Crime, Drama",7.4,"A story about hidden dream 899, filled with memorable characters, challenges, and unexpected events.",53,Director 47,Actor 393,Actor 198,Actor 181,Actor 164,616780,"97,216,745"
,Crimson Hope 900,1981,R,137 min,"Drama, Romance",8.3,"A story about crimson hope 900, filled with memorable characters, challenges, and unexpected events.",60,Director 99,Actor 215,Actor 282,Actor 255,Actor 276,589742,"861,392,259"
,American Truth 901,1988,R,114 min,"Mystery, Thriller",7.8,"A story about american truth 901, filled with memorable characters, challenges, and unexpected events.",71,Director 135,Actor 296,Actor 398,Actor 356,Actor 416,360718,"623,905,279"
,Beyond Kingdom 902,1950,PG,111 min,"Action, Adventure",7.2,"A story about beyond kingdom 902, filled with memorable characters, challenges, and unexpected events.",53,Director 236,Actor 57,Actor 31,Actor 467,Actor 179,1530009,"599,650,021"
,Rising Shadow 903,1957,UA,191 min,"War, Drama",7.5,"A story about rising shadow 903, filled with memorable characters, challenges, and unexpected events.",97,Director 58,Actor 29,Actor 383,Actor 71,Actor 61,1776124,"260,479,610"
,Dark Victory 904,2013,R,208 min,"Romance, Drama",6.1,"A story about dark victory 904, filled with memorable characters, challenges, and unexpected events.",51,Director 170,Actor 298,Actor 38,Actor 245,Actor 429,1568956,"58,171,545"
,Great Legacy 905,1923,U,103 min,"Action, Sci-Fi",6.5,"A story about great legacy 905, filled with memorable characters, challenges, and unexpected events.",81,Director 213,Actor 417,Actor 214,Actor 77,Actor 392,1037796,"82,848,233"
,Golden Truth 906,2015,R,152 min,Drama,6.5,"A story about golden truth 906, filled with memorable characters, challenges, and unexpected events.",66,Director 114,Actor 401,Actor 331,Actor 356,Actor 7,1982096,"441,968,896"
,Broken Dream 907,1939,UA,167 min,"Action, Crime, Drama",6.2,"A story about broken dream 907, filled with memorable characters, challenges, and unexpected events.",45,Director 102,Actor 427,Actor 217,Actor 349,Actor 486,738048,"540,509,345"
,Infinite World 908,2011,UA,202 min,"Fantasy, Adventure",8.7,"A story about infinite world 908, filled with memorable characters, challenges, and unexpected events.",72,Director 239,Actor 81,Actor 140,Actor 499,Actor 48,1293599,"761,761,789"
,Beautiful Victory 909,1936,UA,136 min,"Action, Crime, Drama",8.5,"A story about beautiful victory 909, filled with memorable characters, challenges, and unexpected events.",97,Director 191,Actor 500,Actor 287,Actor 310,Actor 431,928160,"421,319,212"
,Hidden Adventure 910,1981,U,167 min,"Mystery, Thriller",7.0,"A story about hidden adventure 910, filled with memorable characters, challenges, and unexpected events.",96,Director 96,Actor 332,Actor 218,Actor 100,Actor 139,1605807,"177,078,815"
,Silent Dream 911,1929,A,184 min,"Drama, Romance",7.2,"A story about silent dream 911, filled with memorable characters, challenges, and unexpected events.",55,Director 139,Actor 55,Actor 34,Actor 109,Actor 306,127645,"257,293,290"
,The Last Story 912,1944,U,166 min,"Action, Crime, Drama",7.8,"A story about the last story 912, filled with memorable characters, challenges, and unexpected events.",81,Director 145,Actor 23,Actor 289,Actor 405,Actor 248,1018038,"289,116,952"
,A New Promise 913,1960,A,124 min,"Action, Adventure",6.3,"A story about a new promise 913, filled with memorable characters, challenges, and unexpected events.",70,Director 129,Actor 100,Actor 162,Actor 385,Actor 201,1505894,"807,209,642"
,Rising Shadow 914,2009,PG-13,127 min,"Romance, Drama",8.2,"A story about rising shadow 914, filled with memorable characters, challenges, and unexpected events.",96,Director 199,Actor 77,Actor 13,Actor 301,Actor 408,2122160,"108,551,023"
,Secret Truth 915,1995,R,89 min,Drama,8.9,"A story about secret truth 915, filled with memorable characters, challenges, and unexpected events.",74,Director 21,Actor 454,Actor 321,Actor 48,Actor 488,686218,"162,812,486"
,Beyond River 916,2007,R,183 min,"Biography, Drama",8.2,"A story about beyond river 916, filled with memorable characters, challenges, and unexpected events.",83,Director 167,Actor 268,Actor 477,Actor 394,Actor 175,2113946,"554,473,758"
,Infinite Shadow 917,1963,R,164 min,"Romance, Drama",7.0,"A story about infinite shadow 917, filled with memorable characters, challenges, and unexpected events.",69,Director 62,Actor 107,Actor 313,Actor 311,Actor 39,177826,"765,422,884"
,Dark Heart 918,2000,A,97 min,"Action, Adventure",9.3,"A story about dark heart 918, filled with memorable characters, challenges, and unexpected events.",80,Director 223,Actor 497,Actor 409,Actor 401,Actor 459,608202,"822,926,944"
,Hidden Truth 919,1932,A,106 min,Drama,7.5,"A story about hidden truth 919, filled with memorable characters, challenges, and unexpected events.",81,Director 94,Actor 181,Actor 46,Actor 37,Actor 92,687264,"73,288,220"
,Infinite Empire 920,1980,PG-13,182 min,"Sci-Fi, Adventure",9.2,"A story about infinite empire 920, filled with memorable characters, challenges, and unexpected events.",76,Director 11,Actor 187,Actor 440,Actor 147,Actor 206,599078,"133,207,713"
,Forgotten War 921,2007,U,131 min,"Fantasy, Adventure",6.4,"A story about forgotten war 921, filled with memorable characters, challenges, and unexpected events.",88,Director 106,Actor 260,Actor 231,Actor 135,Actor 450,1325524,"401,339,174"
,A New War 922,2002,UA,186 min,"Comedy, Romance",6.2,"A story about a new war 922, filled with memorable characters, challenges, and unexpected events.",99,Director 27,Actor 149,Actor 193,Actor 82,Actor 292,2362167,"8,628,676"
,Secret Kingdom 923,1948,PG,144 min,"Action, Sci-Fi",7.3,"A story about secret kingdom 923, filled with memorable characters, challenges, and unexpected events.",86,Director 137,Actor 461,Actor 419,Actor 239,Actor 56,1473551,"500,332,257"
,Hidden Legacy 924,2013,PG,207 min,"Mystery, Thriller",6.4,"A story about hidden legacy 924, filled with memorable characters, challenges, and unexpected events.",66,Director 17,Actor 163,Actor 176,Actor 310,Actor 249,1826613,"214,280,354"
,Lost Truth 925,1934,UA,89 min,"War, Drama",6.9,"A story about lost truth 925, filled with memorable characters, challenges, and unexpected events.",85,Director 55,Actor 164,Actor 291,Actor 17,Actor 308,663225,"504,723,813"
,Secret Promise 926,1966,UA,210 min,"Thriller, Mystery",8.6,"A story about secret promise 926, filled with memorable characters, challenges, and unexpected events.",100,Director 6,Actor 488,Actor 389,Actor 351,Actor 217,905151,"58,165,294"
,Midnight Empire 927,2001,U,103 min,"Action, Sci-Fi",6.6,"A story about midnight empire 927, filled with memorable characters, challenges, and unexpected events.",64,Director 224,Actor 365,Actor 232,Actor 447,Actor 215,1158842,"435,038,971"
,Beautiful River 928,2005,A,108 min,"Action, Crime, Drama",8.9,"A story about beautiful river 928, filled with memorable characters, challenges, and unexpected events.",93,Director 77,Actor 85,Actor 102,Actor 179,Actor 483,397726,"460,235,199"
,Forgotten Truth 929,1980,R,185 min,"Biography, Drama",7.8,"A story about forgotten truth 929, filled with memorable characters, challenges, and unexpected events.",81,Director 100,Actor 422,Actor 6,Actor 288,Actor 401,1842004,"380,948,036"
,Great River 930,1929,R,159 min,"Animation, Adventure, Family",8.4,"A story about great river 930, filled with memorable characters, challenges, and unexpected events.",92,Director 212,Actor 378,Actor 376,Actor 163,Actor 8,1367832,"713,132,149"
,Dark Adventure 931,1938,PG-13,125 min,"Adventure, Drama",7.6,"A story about dark adventure 931, filled with memorable characters, challenges, and unexpected events.",91,Director 1,Actor 231,Actor 483,Actor 427,Actor 439,1714509,"282,282,240"
,Dark Adventure 932,2001,UA,97 min,"Action, Crime, Drama",9.2,"A story about dark adventure 932, filled with memorable characters, challenges, and unexpected events.",71,Director 179,Actor 280,Actor 397,Actor 86,Actor 308,926970,"800,797,371"
,Secret River 933,1964,A,109 min,"Action, Adventure",6.7,"A story about secret river 933, filled with memorable characters, challenges, and unexpected events.",46,Director 78,Actor 460,Actor 158,Actor 258,Actor 420,1562967,"873,888,925"
,Silent Truth 934,2003,PG-13,137 min,"Romance, Drama",9.3,"A story about silent truth 934, filled with memorable characters, challenges, and unexpected events.",72,Director 134,Actor 499,Actor 392,Actor 172,Actor 59,1485258,"378,283,919"
,Golden Adventure 935,1974,PG,155 min,"Biography, Drama",7.2,"A story about golden adventure 935, filled with memorable characters, challenges, and unexpected events.",63,Director 217,Actor 338,Actor 353,Actor 349,Actor 224,2286512,"468,118,466"
,Broken War 936,1932,U,188 min,"Adventure, Drama",9.3,"A story about broken war 936, filled with memorable characters, challenges, and unexpected events.",84,Director 239,Actor 211,Actor 54,Actor 255,Actor 384,385968,"697,629,095"
,Great World 937,1932,UA,149 min,"Action, Crime, Drama",8.1,"A story about great world 937, filled with memorable characters, challenges, and unexpected events.",59,Director 199,Actor 233,Actor 283,Actor 196,Actor 59,1225947,"451,759,683"
,Lost Truth 938,1935,R,186 min,"Sci-Fi, Adventure",7.2,"A story about lost truth 938, filled with memorable characters, challenges, and unexpected events.",90,Director 201,Actor 380,Actor 203,Actor 4,Actor 482,1741973,"881,017,094"
,Rising Mountain 939,1984,PG,197 min,"Crime, Drama",6.9,"A story about rising mountain 939, filled with memorable characters, challenges, and unexpected events.",88,Director 62,Actor 3,Actor 461,Actor 466,Actor 213,1299315,"853,873,144"
,A New Journey 940,1923,UA,132 min,"Fantasy, Adventure",6.5,"A story about a new journey 940, filled with memorable characters, challenges, and unexpected events.",81,Director 111,Actor 124,Actor 285,Actor 499,Actor 201,1341569,"359,900,080"
,Lost War 941,2002,PG,91 min,"Romance, Drama",7.3,"A story about lost war 941, filled with memorable characters, challenges, and unexpected events.",91,Director 45,Actor 207,Actor 463,Actor 163,Actor 265,550521,"683,293,458"
,Golden Hope 942,1949,R,187 min,"Animation, Adventure, Family",6.3,"A story about golden hope 942, filled with memorable characters, challenges, and unexpected events.",81,Director 201,Actor 201,Actor 432,Actor 391,Actor 322,2125007,"127,201,749"
,Midnight World 943,1940,PG,111 min,"Action, Sci-Fi",9.1,"A story about midnight world 943, filled with memorable characters, challenges, and unexpected events.",45,Director 161,Actor 395,Actor 304,Actor 79,Actor 15,401183,"27,630,985"
,Great World 944,1930,R,88 min,"Animation, Adventure, Family",7.9,"A story about great world 944, filled with memorable characters, challenges, and unexpected events.",94,Director 92,Actor 96,Actor 123,Actor 335,Actor 460,1912981,"681,349,622"
,Beyond Story 945,1944,U,116 min,"Mystery, Thriller",7.8,"A story about beyond story 945, filled with memorable characters, challenges, and unexpected events.",62,Director 22,Actor 479,Actor 74,Actor 322,Actor 12,1102531,"707,972,562"
,Little Dream 946,1934,A,161 min,"Adventure, Drama",7.5,"A story about little dream 946, filled with memorable characters, challenges, and unexpected events.",61,Director 230,Actor 93,Actor 48,Actor 40,Actor 254,459112,"152,394,589"
,Rising River 947,1970,PG,186 min,"Action, Adventure",6.3,"A story about rising river 947, filled with memorable characters, challenges, and unexpected events.",85,Director 20,Actor 108,Actor 352,Actor 215,Actor 193,1745372,"79,101,593"
,Falling Adventure 948,1940,PG-13,86 min,"Biography, Drama",6.6,"A story about falling adventure 948, filled with memorable characters, challenges, and unexpected events.",99,Director 9,Actor 61,Actor 500,Actor 176,Actor 178,2389402,"677,860,231"
,Crimson War 949,1996,UA,105 min,"Fantasy, Adventure",7.8,"A story about crimson war 949, filled with memorable characters, challenges, and unexpected events.",83,Director 8,Actor 275,Actor 12,Actor 266,Actor 263,1077454,"130,660,149"
,Dark River 950,1966,UA,112 min,"Action, Adventure",6.4,"A story about dark river 950, filled with memorable characters, challenges, and unexpected events.",50,Director 187,Actor 355,Actor 482,Actor 65,Actor 138,1383801,"148,883,057"
,Midnight Truth 951,1945,R,129 min,"War, Drama",9.1,"A story about midnight truth 951, filled with memorable characters, challenges, and unexpected events.",96,Director 127,Actor 224,Actor 263,Actor 485,Actor 205,1244471,"501,584,407"
,Lost Empire 952,1942,PG-13,193 min,"Crime, Drama",6.7,"A story about lost empire 952, filled with memorable characters, challenges, and unexpected events.",95,Director 197,Actor 301,Actor 160,Actor 85,Actor 407,1657631,"110,582,235"
,Lost Truth 953,1975,U,139 min,"Crime, Drama",8.9,"A story about lost truth 953, filled with memorable characters, challenges, and unexpected events.",83,Director 99,Actor 220,Actor 103,Actor 291,Actor 181,1346928,"668,945,554"
,Rising Kingdom 954,1977,PG,89 min,"Fantasy, Adventure",6.6,"A story about rising kingdom 954, filled with memorable characters, challenges, and unexpected events.",63,Director 155,Actor 424,Actor 450,Actor 331,Actor 487,1071425,"630,246,055"
,Beautiful Memory 955,1970,UA,108 min,"Drama, Romance",6.1,"A story about beautiful memory 955, filled with memorable characters, challenges, and unexpected events.",67,Director 63,Actor 38,Actor 111,Actor 337,Actor 191,1810978,"849,318,518"
,Rising Shadow 956,2019,A,86 min,"Drama, Romance",7.0,"A story about rising shadow 956, filled with memorable characters, challenges, and unexpected events.",58,Director 120,Actor 291,Actor 408,Actor 165,Actor 461,55722,"769,760,954"
,Beyond World 957,1928,U,162 min,"Comedy, Drama",7.3,"A story about beyond world 957, filled with memorable characters, challenges, and unexpected events.",80,Director 72,Actor 367,Actor 312,Actor 485,Actor 453,2221498,"233,599,573"
,Hidden Heart 958,2002,A,181 min,"Romance, Drama",7.4,"A story about hidden heart 958, filled with memorable characters, challenges, and unexpected events.",57,Director 51,Actor 26,Actor 411,Actor 253,Actor 256,1342879,"873,475,668"
,A New Empire 959,1973,PG,142 min,"Biography, Drama",6.4,"A story about a new empire 959, filled with memorable characters, challenges, and unexpected events.",60,Director 148,Actor 11,Actor 146,Actor 10,Actor 330,1381012,"634,865,132"
,Little Journey 960,1979,PG-13,192 min,"Mystery, Thriller",6.9,"A story about little journey 960, filled with memorable characters, challenges, and unexpected events.",47,Director 87,Actor 331,Actor 9,Actor 36,Actor 241,165223,"572,905,833"
,Silent Hope 961,2012,PG-13,125 min,"Horror, Mystery",7.0,"A story about silent hope 961, filled with memorable characters, challenges, and unexpected events.",94,Director 81,Actor 253,Actor 314,Actor 25,Actor 202,1689165,"85,749,391"
,Broken Adventure 962,1983,U,208 min,"Adventure, Drama",8.8,"A story about broken adventure 962, filled with memorable characters, challenges, and unexpected events.",46,Director 58,Actor 25,Actor 423,Actor 6,Actor 72,1578275,"663,647,759"
,Silent Future 963,2008,R,113 min,"Biography, Drama",8.4,"A story about silent future 963, filled with memorable characters, challenges, and unexpected events.",96,Director 95,Actor 418,Actor 463,Actor 276,Actor 3,379168,"205,356,154"
,A New Empire 964,2020,A,91 min,Drama,6.1,"A story about a new empire 964, filled with memorable characters, challenges, and unexpected events.",89,Director 157,Actor 406,Actor 416,Actor 195,Actor 139,324749,"283,274,852"
,Golden Shadow 965,1994,PG-13,101 min,"Drama, Romance",7.5,"A story about golden shadow 965, filled with memorable characters, challenges, and unexpected events.",99,Director 248,Actor 459,Actor 212,Actor 327,Actor 229,630763,"808,664,991"
,Silent Destiny 966,1987,R,146 min,"Thriller, Mystery",6.8,"A story about silent destiny 966, filled with memorable characters, challenges, and unexpected events.",75,Director 58,Actor 48,Actor 136,Actor 393,Actor 152,1186676,"345,749,694"
,Hidden Memory 967,1991,PG,116 min,"Comedy, Drama",8.8,"A story about hidden memory 967, filled with memorable characters, challenges, and unexpected events.",48,Director 55,Actor 7,Actor 344,Actor 111,Actor 240,337225,"80,785,683"
,Secret River 968,1982,A,111 min,"Fantasy, Adventure",6.3,"A story about secret river 968, filled with memorable characters, challenges, and unexpected events.",90,Director 117,Actor 336,Actor 79,Actor 435,Actor 259,2165567,"336,566,691"
,Silent Shadow 969,1948,PG,134 min,"Sci-Fi, Adventure",9.0,"A story about silent shadow 969, filled with memorable characters, challenges, and unexpected events.",57,Director 18,Actor 143,Actor 217,Actor 85,Actor 352,2163624,"218,091,841"
,Broken Heart 970,2002,U,144 min,"Adventure, Drama",6.3,"A story about broken heart 970, filled with memorable characters, challenges, and unexpected events.",74,Director 48,Actor 137,Actor 15,Actor 244,Actor 339,472208,"258,401,976"
,Beautiful Adventure 971,1965,PG,203 min,"War, Drama",6.9,"A story about beautiful adventure 971, filled with memorable characters, challenges, and unexpected events.",58,Director 39,Actor 204,Actor 258,Actor 221,Actor 261,362601,"380,662,915"
,Falling Promise 972,1976,PG,97 min,"Action, Crime, Drama",6.9,"A story about falling promise 972, filled with memorable characters, challenges, and unexpected events.",57,Director 76,Actor 97,Actor 207,Actor 91,Actor 305,1614415,"786,080,740"
,Midnight Destiny 973,1997,UA,140 min,"Adventure, Drama",7.6,"A story about midnight destiny 973, filled with memorable characters, challenges, and unexpected events.",52,Director 57,Actor 59,Actor 28,Actor 459,Actor 19,219176,"694,107,506"
,Little Empire 974,1950,R,97 min,"Crime, Drama",6.2,"A story about little empire 974, filled with memorable characters, challenges, and unexpected events.",90,Director 104,Actor 201,Actor 202,Actor 52,Actor 113,959863,"666,056,951"
,Midnight Truth 975,1946,PG-13,111 min,"Horror, Mystery",6.6,"A story about midnight truth 975, filled with memorable characters, challenges, and unexpected events.",63,Director 188,Actor 2,Actor 49,Actor 95,Actor 258,1217928,"758,004,261"
,Great Truth 976,2014,R,201 min,"Comedy, Romance",7.0,"A story about great truth 976, filled with memorable characters, challenges, and unexpected events.",49,Director 43,Actor 96,Actor 171,Actor 461,Actor 234,724007,"338,449,464"
,Dark Journey 977,2005,U,127 min,"Action, Adventure",7.6,"A story about dark journey 977, filled with memorable characters, challenges, and unexpected events.",55,Director 174,Actor 390,Actor 437,Actor 5,Actor 305,754552,"283,387,655"
,Rising Truth 978,1994,U,196 min,"Comedy, Romance",6.0,"A story about rising truth 978, filled with memorable characters, challenges, and unexpected events.",97,Director 5,Actor 291,Actor 349,Actor 149,Actor 428,1992094,"117,552,325"
,Beyond Destiny 979,1984,R,103 min,"Adventure, Drama",6.6,"A story about beyond destiny 979, filled with memorable characters, challenges, and unexpected events.",66,Director 116,Actor 252,Actor 377,Actor 180,Actor 280,429398,"327,164,197"
,Midnight Truth 980,1952,A,86 min,"Horror, Mystery",7.2,"A story about midnight truth 980, filled with memorable characters, challenges, and unexpected events.",78,Director 199,Actor 340,Actor 439,Actor 443,Actor 462,1273047,"762,625,433"
,Great Truth 981,1934,UA,151 min,"Action, Adventure",6.9,"A story about great truth 981, filled with memorable characters, challenges, and unexpected events.",87,Director 37,Actor 183,Actor 255,Actor 16,Actor 126,630339,"440,676,610"
,Little Hope 982,1966,U,96 min,"Comedy, Drama",6.7,"A story about little hope 982, filled with memorable characters, challenges, and unexpected events.",62,Director 225,Actor 321,Actor 348,Actor 279,Actor 461,1594516,"685,935,146"
,Infinite Destiny 983,1942,PG-13,171 min,"Horror, Mystery",6.9,"A story about infinite destiny 983, filled with memorable characters, challenges, and unexpected events.",71,Director 242,Actor 142,Actor 159,Actor 98,Actor 22,1399135,"419,961,213"
,Little Destiny 984,2009,PG,163 min,"Adventure, Drama",7.1,"A story about little destiny 984, filled with memorable characters, challenges, and unexpected events.",81,Director 248,Actor 406,Actor 406,Actor 178,Actor 148,1828061,"854,082,207"
,Silent Journey 985,1983,A,103 min,"Sci-Fi, Adventure",9.1,"A story about silent journey 985, filled with memorable characters, challenges, and unexpected events.",84,Director 143,Actor 341,Actor 84,Actor 156,Actor 250,640100,"561,866,871"
,Broken Kingdom 986,1957,PG-13,90 min,"Comedy, Drama",6.1,"A story about broken kingdom 986, filled with memorable characters, challenges, and unexpected events.",52,Director 14,Actor 251,Actor 157,Actor 3,Actor 221,1197060,"886,442,308"
,Rising Journey 987,1926,PG-13,129 min,Drama,6.8,"A story about rising journey 987, filled with memorable characters, challenges, and unexpected events.",54,Director 245,Actor 45,Actor 366,Actor 139,Actor 74,2115512,"714,488,348"
,Lost Hope 988,1994,A,122 min,"Comedy, Romance",9.0,"A story about lost hope 988, filled with memorable characters, challenges, and unexpected events.",60,Director 208,Actor 348,Actor 327,Actor 198,Actor 217,144791,"508,170,753"
,Secret Dream 989,1953,PG,161 min,Drama,9.0,"A story about secret dream 989, filled with memorable characters, challenges, and unexpected events.",88,Director 225,Actor 166,Actor 412,Actor 297,Actor 72,736881,"605,591,190"
,Lost Empire 990,1937,A,110 min,Drama,7.4,"A story about lost empire 990, filled with memorable characters, challenges, and unexpected events.",81,Director 238,Actor 322,Actor 237,Actor 280,Actor 94,1289246,"92,010,073"
,Secret Hope 991,1932,R,141 min,"Drama, Romance",6.5,"A story about secret hope 991, filled with memorable characters, challenges, and unexpected events.",67,Director 120,Actor 182,Actor 219,Actor 239,Actor 216,2123153,"735,788,469"
,Forgotten Adventure 992,1923,UA,88 min,"Romance, Drama",9.0,"A story about forgotten adventure 992, filled with memorable characters, challenges, and unexpected events.",84,Director 233,Actor 155,Actor 403,Actor 125,Actor 298,380898,"811,694,694"
,Beautiful Memory 993,1936,PG,200 min,Drama,8.0,"A story about beautiful memory 993, filled with memorable characters, challenges, and unexpected events.",53,Director 104,Actor 344,Actor 4,Actor 237,Actor 414,234546,"811,134,961"
,Beautiful Adventure 994,1926,U,119 min,"Adventure, Drama",6.3,"A story about beautiful adventure 994, filled with memorable characters, challenges, and unexpected events.",97,Director 75,Actor 290,Actor 247,Actor 354,Actor 170,1408730,"638,267,383"
,A New Dream 995,2014,UA,150 min,"Action, Crime, Drama",7.9,"A story about a new dream 995, filled with memorable characters, challenges, and unexpected events.",80,Director 190,Actor 496,Actor 254,Actor 70,Actor 115,870102,"554,434,283"
,Dark Story 996,2000,R,204 min,"Action, Adventure",7.0,"A story about dark story 996, filled with memorable characters, challenges, and unexpected events.",57,Director 30,Actor 35,Actor 1,Actor 79,Actor 310,2044049,"669,754,032"
,Silent Destiny 997,1932,PG-13,98 min,"Thriller, Mystery",6.8,"A story about silent destiny 997, filled with memorable characters, challenges, and unexpected events.",73,Director 101,Actor 29,Actor 475,Actor 63,Actor 154,113416,"894,233,220"
,Secret Truth 998,1943,PG-13,192 min,"War, Drama",8.7,"A story about secret truth 998, filled with memorable characters, challenges, and unexpected events.",88,Director 113,Actor 440,Actor 337,Actor 316,Actor 64,1101657,"882,379,119"
,Forgotten Shadow 999,2001,R,103 min,"Comedy, Romance",6.1,"A story about forgotten shadow 999, filled with memorable characters, challenges, and unexpected events.",89,Director 140,Actor 103,Actor 244,Actor 246,Actor 149,726284,"549,335,047"
,Broken Dream 1000,1995,R,170 min,"Crime, Drama",7.6,"A story about broken dream 1000, filled with memorable characters, challenges, and unexpected events.",96,Director 28,Actor 238,Actor 214,Actor 417,Actor 218,1650766,"414,371,914"
